Workbook
Name BIP: '2022'!#REF!
Name BIP: '2023'!#REF!
Name BIP: '2024'!#REF!
Name BIP: '2025'!#REF!
Name BIP: '2026'!#REF!
Name BIP: #REF!

Sheet 2026
A1: CANT | B1: SUBT. | C1: ARI 2023 | D1: PPTO 2025 | E1: ARI 2027 | F1: PROVINCIA | G1: COMUNA | H1: FORMULADOR | I1: BIP | J1: NOMBRE DE LA INICIATIVA | K1: COSTO | L1: EVALUADOR | M1: ESTADO | N1: FECHA 1er INGRESO | O1: FECHA 1er Respuesta | P1: DÍAS 1° Evaluación | Q1: FECHA INGRESO | R1: PLAZO PARA INFORMAR (15 DIAS) | S1: FECHA EVALUACION | T1: DIAS EVALUAR | U1: FECHA (REAL) ENTREGA | V1: DIAS EN EVALUACION | W1: DIAS HAB. EN EVALUACION | X1: DIAS RESTANTES | Y1: ORD GR N°/ FECHA | Z1: CLASIFICACION | AA1: BENEFICIARIOS DIRECTOS | AB1: ¿ES REEVALUACION? | AC1: SECTOR (SNI)
A2: 1 | B2: 29 | C2: =IF(ISERROR(VLOOKUP(I2,[1]DEP!$B$3:$E$583,1,FALSE)),"NO","SI") -> NO | D2: =IF(ISERROR(VLOOKUP(I2,[2]FRG!$S$19:$U$288,1,FALSE)),"NO","SI") -> SI | E2: =IF(ISERROR(VLOOKUP(I2,[3]DATOS_PREINVERSION!$O$3:$R$475,1,FALSE)),"NO","SI") -> NO | F2: OSORNO | G2: PROV. OSORNO | H2: DIRECCION DE VIALIDAD | I2: 40044996 | J2: REEV REPOSICION VEHICULOS Y ADQUISICION MAQUINARIA DE ASFALTO PARA LA D.V. REGIÓN DE LOS LAGOS | K2: 1392180000 | L2: Fabián Rutte | M2: CUMPLE RT | P2: =IF(NETWORKDAYS(N2,O2,Feriados!$J$2:$J$22)-1>=0,NETWORKDAYS(N2,O2,Feriados!$J$2:$J$22)-1,"NO APLICA") -> NO APLICA | Q2: 46028 | R2: =+Q2+T2 -> 46038 | S2: 46038 | T2: 10 | U2: =WORKDAY(Q2,T2,Feriados!$J$2:$J$22) -> 46042 | V2: =+S2-Q2 -> 10 | W2: =IF(NETWORKDAYS(Q2,S2,Feriados!$J$2:$J$22)-1>=0,NETWORKDAYS(Q2,S2,Feriados!$J$2:$J$22)-1,"NO APLICA") -> 8 | X2: =SUM(U2-TODAY()) -> -254 | Y2: 737/16-03-2023 | Z2: MAQ. CNOS | AA2: 234122 | AB2: SI | AC2: TRANSPORTE
A3: 2 | B3: 31 | C3: =IF(ISERROR(VLOOKUP(I3,[1]DEP!$B$3:$E$583,1,FALSE)),"NO","SI") -> NO | D3: =IF(ISERROR(VLOOKUP(I3,[2]FRG!$S$19:$U$288,1,FALSE)),"NO","SI") -> NO | E3: =IF(ISERROR(VLOOKUP(I3,[3]DATOS_PREINVERSION!$O$3:$R$475,1,FALSE)),"NO","SI") -> NO | F3: LLANQUIHUE | G3: FRUTILLAR | H3: MUNICIPALIDAD FRUTILLAR | I3: 40055335 | J3: CONSERVACION CAMINOS NO ENROLADOS DIVERSOS SECTORES DE FRUTILLAR, ETAPA III | K3: 277023000 | L3: Fabián Rutte | M3: OBSERVADO | N3: 46031 | O3: 46056 | P3: =IF(NETWORKDAYS(N3,O3,Feriados!$J$2:$J$22)-1>=0,NETWORKDAYS(N3,O3,Feriados!$J$2:$J$22)-1,"NO APLICA") -> 17 | Q3: 46031 | R3: =+Q3+T3 -> 46046 | S3: 46056 | T3: 15 | U3: =WORKDAY(Q3,T3,Feriados!$J$2:$J$22) -> 46052 | V3: =+S3-Q3 -> 25 | W3: =IF(NETWORKDAYS(Q3,S3,Feriados!$J$2:$J$22)-1>=0,NETWORKDAYS(Q3,S3,Feriados!$J$2:$J$22)-1,"NO APLICA") -> 17 | X3: =SUM(U3-TODAY()) -> -244 | Z3: CNOS NO ENROLADOS | AB3: NO | AC3: TRANSPORTE
A4: 3 | B4: 29 | C4: =IF(ISERROR(VLOOKUP(I4,[1]DEP!$B$3:$E$583,1,FALSE)),"NO","SI") -> NO | D4: =IF(ISERROR(VLOOKUP(I4,[2]FRG!$S$19:$U$288,1,FALSE)),"NO","SI") -> NO | E4: =IF(ISERROR(VLOOKUP(I4,[3]DATOS_PREINVERSION!$O$3:$R$475,1,FALSE)),"NO","SI") -> NO | F4: CHILOÉ | G4: DALCAHUE | H4: MUNICIPALIDAD DALCAHUE | I4: 50000224 | J4: ADQUISICIÓN CLINICA MOVIL GINECOLOGICA, COMUNA DE DALCAHUE | K4: 291785000 | L4: Fabián Rutte | M4: OBSERVADO | N4: 46028 | O4: 46045 | P4: =IF(NETWORKDAYS(N4,O4,Feriados!$J$2:$J$22)-1>=0,NETWORKDAYS(N4,O4,Feriados!$J$2:$J$22)-1,"NO APLICA") -> 13 | Q4: 46028 | R4: =+Q4+T4 -> 46043 | S4: 46045 | T4: 15 | U4: =WORKDAY(Q4,T4,Feriados!$J$2:$J$22) -> 46049 | V4: =+S4-Q4 -> 17 | W4: =IF(NETWORKDAYS(Q4,S4,Feriados!$J$2:$J$22)-1>=0,NETWORKDAYS(Q4,S4,Feriados!$J$2:$J$22)-1,"NO APLICA") -> 13 | X4: =SUM(U4-TODAY()) -> -247 | Z4: CLÍNICA MÓVIL | AB4: NO | AC4: SALUD
A5: 4 | B5: 31 | C5: =IF(ISERROR(VLOOKUP(I5,[1]DEP!$B$3:$E$583,1,FALSE)),"NO","SI") -> NO | D5: =IF(ISERROR(VLOOKUP(I5,[2]FRG!$S$19:$U$288,1,FALSE)),"NO","SI") -> NO | E5: =IF(ISERROR(VLOOKUP(I5,[3]DATOS_PREINVERSION!$O$3:$R$475,1,FALSE)),"NO","SI") -> SI | F5: OSORNO | G5: PUYEHUE | H5: MUNICIPALIDAD PUYEHUE | I5: 40064446 | J5: CONSTRUCCION CONSERVACION CAMINOS NO ENROLADOS EN 9 SECTORES DE LA COMUNA DE PUYEHUE | K5: 611628000 | L5: Fabián Rutte | M5: OBSERVADO | N5: 46034 | O5: 46049 | P5: =IF(NETWORKDAYS(N5,O5,Feriados!$J$2:$J$22)-1>=0,NETWORKDAYS(N5,O5,Feriados!$J$2:$J$22)-1,"NO APLICA") -> 11 | Q5: 46034 | R5: =+Q5+T5 -> 46049 | S5: 46049 | T5: 15 | U5: =WORKDAY(Q5,T5,Feriados!$J$2:$J$22) -> 46055 | V5: =+S5-Q5 -> 15 | W5: =IF(NETWORKDAYS(Q5,S5,Feriados!$J$2:$J$22)-1>=0,NETWORKDAYS(Q5,S5,Feriados!$J$2:$J$22)-1,"NO APLICA") -> 11 | X5: =SUM(U5-TODAY()) -> -241 | Z5: CNOS NO ENROLADOS | AB5: NO | AC5: TRANSPORTE
A6: 5 | B6: 31 | C6: =IF(ISERROR(VLOOKUP(I6,[1]DEP!$B$3:$E$583,1,FALSE)),"NO","SI") -> NO | D6: =IF(ISERROR(VLOOKUP(I6,[2]FRG!$S$19:$U$288,1,FALSE)),"NO","SI") -> NO | E6: =IF(ISERROR(VLOOKUP(I6,[3]DATOS_PREINVERSION!$O$3:$R$475,1,FALSE)),"NO","SI") -> SI | F6: OSORNO | G6: OSORNO | H6: MUNICIPALIDAD OSORNO | I6: 40077644 | J6: CONSERVACION CALZADAS RAHUE ALTO SUR, UNIDAD VECINAL N.5, OSORNO | K6: 1434719000 | L6: Fabián Rutte | M6: OBSERVADO | N6: 46031 | P6: =IF(NETWORKDAYS(N6,O6,Feriados!$J$2:$J$22)-1>=0,NETWORKDAYS(N6,O6,Feriados!$J$2:$J$22)-1,"NO APLICA") -> NO APLICA | Q6: 46031 | R6: =+Q6+T6 -> 46046 | T6: 15 | U6: =WORKDAY(Q6,T6,Feriados!$J$2:$J$22) -> 46052 | V6: =+S6-Q6 -> -46031 | W6: =IF(NETWORKDAYS(Q6,S6,Feriados!$J$2:$J$22)-1>=0,NETWORKDAYS(Q6,S6,Feriados!$J$2:$J$22)-1,"NO APLICA") -> NO APLICA | X6: =SUM(U6-TODAY()) -> -244 | Z6: PAV. URBANOS | AB6: NO | AC6: TRANSPORTE
A7: 6 | B7: 31 | C7: =IF(ISERROR(VLOOKUP(I7,[1]DEP!$B$3:$E$583,1,FALSE)),"NO","SI") -> NO | D7: =IF(ISERROR(VLOOKUP(I7,[2]FRG!$S$19:$U$288,1,FALSE)),"NO","SI") -> NO | E7: =IF(ISERROR(VLOOKUP(I7,[3]DATOS_PREINVERSION!$O$3:$R$475,1,FALSE)),"NO","SI") -> SI | F7: OSORNO | G7: OSORNO | H7: MUNICIPALIDAD OSORNO | I7: 40077647 | J7: CONSERVACION CALZADAS RAHUE ALTO SUR, UNIDADES VECINALES N.8, N.20 Y N.23, OSORNO | K7: 1062940000 | L7: Fabián Rutte | M7: OBSERVADO | N7: 46031 | P7: =IF(NETWORKDAYS(N7,O7,Feriados!$J$2:$J$22)-1>=0,NETWORKDAYS(N7,O7,Feriados!$J$2:$J$22)-1,"NO APLICA") -> NO APLICA | Q7: 46031 | R7: =+Q7+T7 -> 46046 | T7: 15 | U7: =WORKDAY(Q7,T7,Feriados!$J$2:$J$22) -> 46052 | V7: =+S7-Q7 -> -46031 | W7: =IF(NETWORKDAYS(Q7,S7,Feriados!$J$2:$J$22)-1>=0,NETWORKDAYS(Q7,S7,Feriados!$J$2:$J$22)-1,"NO APLICA") -> NO APLICA | X7: =SUM(U7-TODAY()) -> -244 | Z7: PAV. URBANOS | AB7: NO | AC7: TRANSPORTE
A8: 7 | B8: 31 | C8: =IF(ISERROR(VLOOKUP(I8,[1]DEP!$B$3:$E$583,1,FALSE)),"NO","SI") -> NO | D8: =IF(ISERROR(VLOOKUP(I8,[2]FRG!$S$19:$U$288,1,FALSE)),"NO","SI") -> NO | E8: =IF(ISERROR(VLOOKUP(I8,[3]DATOS_PREINVERSION!$O$3:$R$475,1,FALSE)),"NO","SI") -> SI | F8: OSORNO | G8: OSORNO | H8: MUNICIPALIDAD OSORNO | I8: 40077645 | J8: CONSERVACION CALZADAS RAHUE ALTO SUR, UNIDAD VECINAL N.6, OSORNO | K8: 916023000 | L8: Fabián Rutte | M8: OBSERVADO | N8: 46031 | P8: =IF(NETWORKDAYS(N8,O8,Feriados!$J$2:$J$22)-1>=0,NETWORKDAYS(N8,O8,Feriados!$J$2:$J$22)-1,"NO APLICA") -> NO APLICA | Q8: 46031 | R8: =+Q8+T8 -> 46046 | T8: 15 | U8: =WORKDAY(Q8,T8,Feriados!$J$2:$J$22) -> 46052 | V8: =+S8-Q8 -> -46031 | W8: =IF(NETWORKDAYS(Q8,S8,Feriados!$J$2:$J$22)-1>=0,NETWORKDAYS(Q8,S8,Feriados!$J$2:$J$22)-1,"NO APLICA") -> NO APLICA | X8: =SUM(U8-TODAY()) -> -244 | Z8: PAV. URBANOS | AB8: NO | AC8: TRANSPORTE
A9: 8 | B9: 31 | C9: =IF(ISERROR(VLOOKUP(I9,[1]DEP!$B$3:$E$583,1,FALSE)),"NO","SI") -> NO | D9: =IF(ISERROR(VLOOKUP(I9,[2]FRG!$S$19:$U$288,1,FALSE)),"NO","SI") -> NO | E9: =IF(ISERROR(VLOOKUP(I9,[3]DATOS_PREINVERSION!$O$3:$R$475,1,FALSE)),"NO","SI") -> SI | F9: OSORNO | G9: OSORNO | H9: MUNICIPALIDAD OSORNO | I9: 40077646 | J9: CONSERVACION CALZADAS RAHUE ALTO SUR, UNIDAD VECINAL N.7, OSORNO | K9: 2071223000 | L9: Fabián Rutte | M9: OBSERVADO | N9: 46029 | O9: 46044 | P9: =IF(NETWORKDAYS(N9,O9,Feriados!$J$2:$J$22)-1>=0,NETWORKDAYS(N9,O9,Feriados!$J$2:$J$22)-1,"NO APLICA") -> 11 | Q9: 46029 | R9: =+Q9+T9 -> 46044 | S9: 46044 | T9: 15 | U9: =WORKDAY(Q9,T9,Feriados!$J$2:$J$22) -> 46050 | V9: =+S9-Q9 -> 15 | W9: =IF(NETWORKDAYS(Q9,S9,Feriados!$J$2:$J$22)-1>=0,NETWORKDAYS(Q9,S9,Feriados!$J$2:$J$22)-1,"NO APLICA") -> 11 | X9: =SUM(U9-TODAY()) -> -246 | Z9: PAV. URBANOS | AB9: NO | AC9: TRANSPORTE
A10: 9 | B10: 29 | C10: =IF(ISERROR(VLOOKUP(I10,[1]DEP!$B$3:$E$583,1,FALSE)),"NO","SI") -> NO | D10: =IF(ISERROR(VLOOKUP(I10,[2]FRG!$S$19:$U$288,1,FALSE)),"NO","SI") -> NO | E10: =IF(ISERROR(VLOOKUP(I10,[3]DATOS_PREINVERSION!$O$3:$R$475,1,FALSE)),"NO","SI") -> NO | F10: PALENA | G10: PALENA | H10: MUNICIPALIDAD PALENA | I10: 40076387 | J10: REPOSICION DE VEHÍCULOS MUNICIPALES PARA LA MOVILIZACIÓN DE FUNCIONARIOS | K10: 187635000 | L10: Fabián Rutte | M10: CUMPLE RT | N10: 46045 | O10: 46048 | P10: =IF(NETWORKDAYS(N10,O10,Feriados!$J$2:$J$22)-1>=0,NETWORKDAYS(N10,O10,Feriados!$J$2:$J$22)-1,"NO APLICA") -> 1 | Q10: 46045 | R10: =+Q10+T10 -> 46060 | S10: 46048 | T10: 15 | U10: =WORKDAY(Q10,T10,Feriados!$J$2:$J$22) -> 46066 | V10: =+S10-Q10 -> 3 | W10: =IF(NETWORKDAYS(Q10,S10,Feriados!$J$2:$J$22)-1>=0,NETWORKDAYS(Q10,S10,Feriados!$J$2:$J$22)-1,"NO APLICA") -> 1 | X10: =SUM(U10-TODAY()) -> -230 | Y10: 202/28-01-2026 | Z10: VEHICULOS | AB10: NO | AC10: MULTISECTORIAL
A11: 10 | B11: 29 | C11: =IF(ISERROR(VLOOKUP(I11,[1]DEP!$B$3:$E$583,1,FALSE)),"NO","SI") -> NO | D11: =IF(ISERROR(VLOOKUP(I11,[2]FRG!$S$19:$U$288,1,FALSE)),"NO","SI") -> NO | E11: =IF(ISERROR(VLOOKUP(I11,[3]DATOS_PREINVERSION!$O$3:$R$475,1,FALSE)),"NO","SI") -> NO | F11: X REGION | G11: X REGION | H11: REGION POLICIAL LOS LAGOS PDI | I11: 40076624 | J11: ADQUISICION VEHÍCULOS TRASLADO Y RESGUARDO DE CANES DETECTORES DE DROGAS-BRIANCO (PMO - ONO) | K11: 259301000 | L11: Fabián Rutte | M11: CUMPLE RT | N11: 46037 | O11: 46057 | P11: =IF(NETWORKDAYS(N11,O11,Feriados!$J$2:$J$22)-1>=0,NETWORKDAYS(N11,O11,Feriados!$J$2:$J$22)-1,"NO APLICA") -> 14 | Q11: 46157 | R11: =+Q11+T11 -> 46172 | S11: 46174 | T11: 15 | U11: =WORKDAY(Q11,T11,Feriados!$J$2:$J$22) -> 46181 | V11: =+S11-Q11 -> 17 | W11: =IF(NETWORKDAYS(Q11,S11,Feriados!$J$2:$J$22)-1>=0,NETWORKDAYS(Q11,S11,Feriados!$J$2:$J$22)-1,"NO APLICA") -> 10 | X11: =SUM(U11-TODAY()) -> -115 | Y11: 1.333/01-06-2026 | Z11: VEHICULOS | AB11: NO | AC11: SEGURIDAD
A12: 11 | B12: 29 | C12: =IF(ISERROR(VLOOKUP(I12,[1]DEP!$B$3:$E$583,1,FALSE)),"NO","SI") -> NO | D12: =IF(ISERROR(VLOOKUP(I12,[2]FRG!$S$19:$U$288,1,FALSE)),"NO","SI") -> NO | E12: =IF(ISERROR(VLOOKUP(I12,[3]DATOS_PREINVERSION!$O$3:$R$475,1,FALSE)),"NO","SI") -> SI | F12: X REGION | G12: X REGION | H12: SERVICIO SALUD RELONCAVI | I12: 40075933 | J12: REPOSICION EQUIPAMIENTO DE PABELLON PARA RESOLUCION GES ONCOLOGICOS HOSPITAL PUERTO MONTT | K12: 532674000 | L12: Fabián Rutte | M12: CUMPLE RT | N12: 46049 | O12: 46059 | P12: =IF(NETWORKDAYS(N12,O12,Feriados!$J$2:$J$22)-1>=0,NETWORKDAYS(N12,O12,Feriados!$J$2:$J$22)-1,"NO APLICA") -> 8 | Q12: 46122 | R12: =+Q12+T12 -> 46137 | S12: 46135 | T12: 15 | U12: =WORKDAY(Q12,T12,Feriados!$J$2:$J$22) -> 46146 | V12: =+S12-Q12 -> 13 | W12: =IF(NETWORKDAYS(Q12,S12,Feriados!$J$2:$J$22)-1>=0,NETWORKDAYS(Q12,S12,Feriados!$J$2:$J$22)-1,"NO APLICA") -> 9 | X12: =SUM(U12-TODAY()) -> -150 | Y12: 916/23-04-2026 | Z12: EQ. SALUD | AB12: NO | AC12: SALUD
A13: 12 | B13: 29 | C13: =IF(ISERROR(VLOOKUP(I13,[1]DEP!$B$3:$E$583,1,FALSE)),"NO","SI") -> NO | D13: =IF(ISERROR(VLOOKUP(I13,[2]FRG!$S$19:$U$288,1,FALSE)),"NO","SI") -> NO | E13: =IF(ISERROR(VLOOKUP(I13,[3]DATOS_PREINVERSION!$O$3:$R$475,1,FALSE)),"NO","SI") -> NO | F13: =+IFERROR(VLOOKUP(G13,Feriados!$M$1:$N$36,2,FALSE),"") -> REGIONAL | G13: REGIONAL | H13: CONAF | I13: 40062961 | J13: REPOSICION EQUIPOS DE RADIO COMUNICACIONES INCENDIOS FORESTALES Y ASP CONAF LOS LAGOS | K13: 825923000 | L13: Fabián Rutte | M13: OBSERVADO | N13: 46024 | O13: 46049 | P13: =IF(NETWORKDAYS(N13,O13,Feriados!$J$2:$J$22)-1>=0,NETWORKDAYS(N13,O13,Feriados!$J$2:$J$22)-1,"NO APLICA") -> 17 | Q13: 46024 | R13: =+Q13+T13 -> 46039 | S13: 46049 | T13: 15 | U13: =WORKDAY(Q13,T13,Feriados!$J$2:$J$22) -> 46045 | V13: =+S13-Q13 -> 25 | W13: =IF(NETWORKDAYS(Q13,S13,Feriados!$J$2:$J$22)-1>=0,NETWORKDAYS(Q13,S13,Feriados!$J$2:$J$22)-1,"NO APLICA") -> 17 | X13: =SUM(U13-TODAY()) -> -251 | Z13: S/C | AB13: NO | AC13: S/C
A14: 13 | B14: 31 | C14: =IF(ISERROR(VLOOKUP(I14,[1]DEP!$B$3:$E$583,1,FALSE)),"NO","SI") -> NO | D14: =IF(ISERROR(VLOOKUP(I14,[2]FRG!$S$19:$U$288,1,FALSE)),"NO","SI") -> NO | E14: =IF(ISERROR(VLOOKUP(I14,[3]DATOS_PREINVERSION!$O$3:$R$475,1,FALSE)),"NO","SI") -> NO | F14: OSORNO | G14: OSORNO | H14: MUNICIPALIDAD OSORNO | I14: 40077488 | J14: CONSERVACION CAMINOS RURALES NO ENROLADOS EN LA COMUNA DE OSORNO | K14: 1454613000 | L14: Fabián Rutte | M14: OBSERVADO | N14: 46045 | O14: 46058 | P14: =IF(NETWORKDAYS(N14,O14,Feriados!$J$2:$J$22)-1>=0,NETWORKDAYS(N14,O14,Feriados!$J$2:$J$22)-1,"NO APLICA") -> 9 | Q14: 46045 | R14: =+Q14+T14 -> 46060 | S14: 46058 | T14: 15 | U14: =WORKDAY(Q14,T14,Feriados!$J$2:$J$22) -> 46066 | V14: =+S14-Q14 -> 13 | W14: =IF(NETWORKDAYS(Q14,S14,Feriados!$J$2:$J$22)-1>=0,NETWORKDAYS(Q14,S14,Feriados!$J$2:$J$22)-1,"NO APLICA") -> 9 | X14: =SUM(U14-TODAY()) -> -230 | Z14: CNOS NO ENROLADOS | AB14: NO | AC14: TRANSPORTE
A15: 14 | B15: 29 | C15: =IF(ISERROR(VLOOKUP(I15,[1]DEP!$B$3:$E$583,1,FALSE)),"NO","SI") -> NO | D15: =IF(ISERROR(VLOOKUP(I15,[2]FRG!$S$19:$U$288,1,FALSE)),"NO","SI") -> SI | E15: =IF(ISERROR(VLOOKUP(I15,[3]DATOS_PREINVERSION!$O$3:$R$475,1,FALSE)),"NO","SI") -> NO | F15: CHILOÉ | G15: PROVINCIAL | H15: DIRECCION DE VIALIDAD | I15: 40057047 | J15: REEV REPOSICION VEHICULOS Y ADQUISICION MAQUINARIA DE ASFALTO PARA LA D. V., PROVINCIA DE CHILOE | K15: 1397278000 | L15: Fabián Rutte | M15: CUMPLE RT | P15: =IF(NETWORKDAYS(N15,O15,Feriados!$J$2:$J$22)-1>=0,NETWORKDAYS(N15,O15,Feriados!$J$2:$J$22)-1,"NO APLICA") -> NO APLICA | Q15: 46050 | R15: =+Q15+T15 -> 46060 | S15: 46055 | T15: 10 | U15: =WORKDAY(Q15,T15,Feriados!$J$2:$J$22) -> 46064 | V15: =+S15-Q15 -> 5 | W15: =IF(NETWORKDAYS(Q15,S15,Feriados!$J$2:$J$22)-1>=0,NETWORKDAYS(Q15,S15,Feriados!$J$2:$J$22)-1,"NO APLICA") -> 3 | X15: =SUM(U15-TODAY()) -> -232 | Y15: 3.646/27-09-2023 | Z15: MAQ. CNOS | AA15: 168185 | AB15: SI | AC15: TRANSPORTE
A16: 15 | B16: 29 | C16: =IF(ISERROR(VLOOKUP(I16,[1]DEP!$B$3:$E$583,1,FALSE)),"NO","SI") -> SI | D16: =IF(ISERROR(VLOOKUP(I16,[2]FRG!$S$19:$U$288,1,FALSE)),"NO","SI") -> SI | E16: =IF(ISERROR(VLOOKUP(I16,[3]DATOS_PREINVERSION!$O$3:$R$475,1,FALSE)),"NO","SI") -> NO | F16: CHILOÉ | G16: PUQUELDÓN | H16: MUNICIPALIDAD PUQUELDÓN | I16: 40013818 | J16: REEV REPOSICION MAQUINARIA PARA MANTENCION DE CAMINOS VECINALES, COMUNA PUQUELDON | K16: 1023216000 | L16: Fabián Rutte | M16: CUMPLE RT | P16: =IF(NETWORKDAYS(N16,O16,Feriados!$J$2:$J$22)-1>=0,NETWORKDAYS(N16,O16,Feriados!$J$2:$J$22)-1,"NO APLICA") -> NO APLICA | Q16: 46055 | R16: =+Q16+T16 -> 46065 | S16: 46059 | T16: 10 | U16: =WORKDAY(Q16,T16,Feriados!$J$2:$J$22) -> 46069 | V16: =+S16-Q16 -> 4 | W16: =IF(NETWORKDAYS(Q16,S16,Feriados!$J$2:$J$22)-1>=0,NETWORKDAYS(Q16,S16,Feriados!$J$2:$J$22)-1,"NO APLICA") -> 4 | X16: =SUM(U16-TODAY()) -> -227 | Y16: 4.067/30-10-2023 | Z16: MAQ. CNOS | AA16: 1190 | AB16: SI | AC16: TRANSPORTE
A17: 16 | B17: 29 | C17: =IF(ISERROR(VLOOKUP(I17,[1]DEP!$B$3:$E$583,1,FALSE)),"NO","SI") -> NO | D17: =IF(ISERROR(VLOOKUP(I17,[2]FRG!$S$19:$U$288,1,FALSE)),"NO","SI") -> NO | E17: =IF(ISERROR(VLOOKUP(I17,[3]DATOS_PREINVERSION!$O$3:$R$475,1,FALSE)),"NO","SI") -> SI | F17: OSORNO | G17: OSORNO | H17: MUNICIPALIDAD OSORNO | I17: 40068124 | J17: REPOSICION EQUIPO DE ENDOSCOPÍA CENTRO DE REFERENCIA DIAGNÓSTICO MUNICIPAL, OSORNO | K17: 354658000 | L17: Fabián Rutte | M17: OBSERVADO | N17: 46056 | O17: 46078 | P17: =IF(NETWORKDAYS(N17,O17,Feriados!$J$2:$J$22)-1>=0,NETWORKDAYS(N17,O17,Feriados!$J$2:$J$22)-1,"NO APLICA") -> 16 | Q17: 46056 | R17: =+Q17+T17 -> 46071 | S17: 46078 | T17: 15 | U17: =WORKDAY(Q17,T17,Feriados!$J$2:$J$22) -> 46077 | V17: =+S17-Q17 -> 22 | W17: =IF(NETWORKDAYS(Q17,S17,Feriados!$J$2:$J$22)-1>=0,NETWORKDAYS(Q17,S17,Feriados!$J$2:$J$22)-1,"NO APLICA") -> 16 | X17: =SUM(U17-TODAY()) -> -219 | Z17: EQ. SALUD | AB17: NO | AC17: SALUD
A18: 17 | B18: 29 | C18: =IF(ISERROR(VLOOKUP(I18,[1]DEP!$B$3:$E$583,1,FALSE)),"NO","SI") -> NO | D18: =IF(ISERROR(VLOOKUP(I18,[2]FRG!$S$19:$U$288,1,FALSE)),"NO","SI") -> NO | E18: =IF(ISERROR(VLOOKUP(I18,[3]DATOS_PREINVERSION!$O$3:$R$475,1,FALSE)),"NO","SI") -> NO | F18: X REGION | G18: X REGION | H18: SERVICIO SALUD RELONCAVI | I18: 40077628 | J18: ADQUISICION 02 CAMIONES MAMOGRAFICOS GINECOLÓGICOS PROVINCIA DE LLANQUIHUE Y PALENA | K18: 1252475000 | L18: Fabián Rutte | M18: EN EVALUACIÓN | N18: 46059 | O18: 46059 | P18: =IF(NETWORKDAYS(N18,O18,Feriados!$J$2:$J$22)-1>=0,NETWORKDAYS(N18,O18,Feriados!$J$2:$J$22)-1,"NO APLICA") -> 0 | Q18: 46265 | R18: =+Q18+T18 -> 46280 | S18: 46059 | T18: 15 | U18: =WORKDAY(Q18,T18,Feriados!$J$2:$J$22) -> 46287 | V18: =+S18-Q18 -> -206 | W18: =IF(NETWORKDAYS(Q18,S18,Feriados!$J$2:$J$22)-1>=0,NETWORKDAYS(Q18,S18,Feriados!$J$2:$J$22)-1,"NO APLICA") -> NO APLICA | X18: =SUM(U18-TODAY()) -> -9 | Z18: CLÍNICA MÓVIL | AB18: NO | AC18: SALUD
A19: 18 | B19: 31 | C19: =IF(ISERROR(VLOOKUP(I19,[1]DEP!$B$3:$E$583,1,FALSE)),"NO","SI") -> NO | D19: =IF(ISERROR(VLOOKUP(I19,[2]FRG!$S$19:$U$288,1,FALSE)),"NO","SI") -> NO | E19: =IF(ISERROR(VLOOKUP(I19,[3]DATOS_PREINVERSION!$O$3:$R$475,1,FALSE)),"NO","SI") -> SI | F19: LLANQUIHUE | G19: FRESIA | H19: MUNICIPALIDAD FRESIA | I19: 40064827 | J19: CONSERVACION CAMINOS NO ENROLADOS SECTORES LA VEGA, BOTIJA, SAN NICOLÁS, EL PATO Y FRESIA | K19: 656020000 | L19: Fabián Rutte | M19: OBSERVADO | N19: 46059 | O19: 46080 | P19: =IF(NETWORKDAYS(N19,O19,Feriados!$J$2:$J$22)-1>=0,NETWORKDAYS(N19,O19,Feriados!$J$2:$J$22)-1,"NO APLICA") -> 15 | Q19: 46059 | R19: =+Q19+T19 -> 46074 | S19: 46080 | T19: 15 | U19: =WORKDAY(Q19,T19,Feriados!$J$2:$J$22) -> 46080 | V19: =+S19-Q19 -> 21 | W19: =IF(NETWORKDAYS(Q19,S19,Feriados!$J$2:$J$22)-1>=0,NETWORKDAYS(Q19,S19,Feriados!$J$2:$J$22)-1,"NO APLICA") -> 15 | X19: =SUM(U19-TODAY()) -> -216 | Z19: CNOS NO ENROLADOS | AB19: NO | AC19: TRANSPORTE
A20: 19 | B20: 31 | C20: =IF(ISERROR(VLOOKUP(I20,[1]DEP!$B$3:$E$583,1,FALSE)),"NO","SI") -> NO | D20: =IF(ISERROR(VLOOKUP(I20,[2]FRG!$S$19:$U$288,1,FALSE)),"NO","SI") -> NO | E20: =IF(ISERROR(VLOOKUP(I20,[3]DATOS_PREINVERSION!$O$3:$R$475,1,FALSE)),"NO","SI") -> SI | F20: CHILOÉ | G20: QUEMCHI | H20: MUNICIPALIDAD QUEMCHI | I20: 40074153 | J20: CONSERVACION PERIÓDICA RUTA W-21 ZONA URBANA COMUNA DE QUEMCHI | K20: 662550000 | L20: Fabián Rutte | M20: OBSERVADO | N20: 46062 | O20: 46080 | P20: =IF(NETWORKDAYS(N20,O20,Feriados!$J$2:$J$22)-1>=0,NETWORKDAYS(N20,O20,Feriados!$J$2:$J$22)-1,"NO APLICA") -> 14 | Q20: 46062 | R20: =+Q20+T20 -> 46077 | S20: 46080 | T20: 15 | U20: =WORKDAY(Q20,T20,Feriados!$J$2:$J$22) -> 46083 | V20: =+S20-Q20 -> 18 | W20: =IF(NETWORKDAYS(Q20,S20,Feriados!$J$2:$J$22)-1>=0,NETWORKDAYS(Q20,S20,Feriados!$J$2:$J$22)-1,"NO APLICA") -> 14 | X20: =SUM(U20-TODAY()) -> -213 | Z20: PAV. URBANOS | AB20: NO | AC20: TRANSPORTE
A21: 20 | B21: 29 | C21: =IF(ISERROR(VLOOKUP(I21,[1]DEP!$B$3:$E$583,1,FALSE)),"NO","SI") -> NO | D21: =IF(ISERROR(VLOOKUP(I21,[2]FRG!$S$19:$U$288,1,FALSE)),"NO","SI") -> NO | E21: =IF(ISERROR(VLOOKUP(I21,[3]DATOS_PREINVERSION!$O$3:$R$475,1,FALSE)),"NO","SI") -> SI | F21: X REGION | G21: X REGION | H21: DIRECTEMAR | I21: 40072933 | J21: REEV ADQUISICION UNIDAD DESPLIEGUE POLICIA MARITIMA PARA GOB MARITIMA DE PTO MONTT | K21: 740660000 | L21: Fabián Rutte | M21: CUMPLE RT | N21: 46070 | O21: 46093 | P21: =IF(NETWORKDAYS(N21,O21,Feriados!$J$2:$J$22)-1>=0,NETWORKDAYS(N21,O21,Feriados!$J$2:$J$22)-1,"NO APLICA") -> 17 | Q21: 46168 | R21: =+Q21+T21 -> 46178 | S21: 46093 | T21: 10 | U21: =WORKDAY(Q21,T21,Feriados!$J$2:$J$22) -> 46182 | V21: =+S21-Q21 -> -75 | W21: =IF(NETWORKDAYS(Q21,S21,Feriados!$J$2:$J$22)-1>=0,NETWORKDAYS(Q21,S21,Feriados!$J$2:$J$22)-1,"NO APLICA") -> NO APLICA | X21: =SUM(U21-TODAY()) -> -114 | Y21: 494/13-03-2026 | Z21: ARMADA | AB21: SI | AC21: SEGURIDAD
A22: 21 | B22: 29 | C22: =IF(ISERROR(VLOOKUP(I22,[1]DEP!$B$3:$E$583,1,FALSE)),"NO","SI") -> NO | D22: =IF(ISERROR(VLOOKUP(I22,[2]FRG!$S$19:$U$288,1,FALSE)),"NO","SI") -> NO | E22: =IF(ISERROR(VLOOKUP(I22,[3]DATOS_PREINVERSION!$O$3:$R$475,1,FALSE)),"NO","SI") -> SI | F22: LLANQUIHUE | G22: LOS MUERMOS | H22: MUNICIPALIDAD LOS MUERMOS | I22: 40059805 | J22: ADQUISICION CAMIÓN ALJIBE, COMUNA DE LOS MUERMOS | K22: 213852000 | L22: Fabián Rutte | M22: RT FIRMA | N22: 46065 | O22: 46084 | P22: =IF(NETWORKDAYS(N22,O22,Feriados!$J$2:$J$22)-1>=0,NETWORKDAYS(N22,O22,Feriados!$J$2:$J$22)-1,"NO APLICA") -> 13 | Q22: 46251 | R22: =+Q22+T22 -> 46266 | S22: 46275 | T22: 15 | U22: =WORKDAY(Q22,T22,Feriados!$J$2:$J$22) -> 46272 | V22: =+S22-Q22 -> 24 | W22: =IF(NETWORKDAYS(Q22,S22,Feriados!$J$2:$J$22)-1>=0,NETWORKDAYS(Q22,S22,Feriados!$J$2:$J$22)-1,"NO APLICA") -> 18 | X22: =SUM(U22-TODAY()) -> -24 | Z22: ALJIBE | AB22: NO | AC22: RECURSOS NATURALES Y MEDIO AMBIENTE / MEDIO AMBIENTE
A23: 22 | B23: 29 | C23: =IF(ISERROR(VLOOKUP(I23,[1]DEP!$B$3:$E$583,1,FALSE)),"NO","SI") -> NO | D23: =IF(ISERROR(VLOOKUP(I23,[2]FRG!$S$19:$U$288,1,FALSE)),"NO","SI") -> NO | E23: =IF(ISERROR(VLOOKUP(I23,[3]DATOS_PREINVERSION!$O$3:$R$475,1,FALSE)),"NO","SI") -> NO | F23: X REGION | G23: X REGION | H23: REGION POLICIAL LOS LAGOS PDI | I23: 40077203 | J23: ADQUISICION DE EQUIPAMIENTO PERICIAL PARA SS, SERCRIM - REPOLAG | K23: 1033592000 | L23: Fabián Rutte | M23: RT FIRMA | N23: 46076 | O23: 46092 | P23: =IF(NETWORKDAYS(N23,O23,Feriados!$J$2:$J$22)-1>=0,NETWORKDAYS(N23,O23,Feriados!$J$2:$J$22)-1,"NO APLICA") -> 12 | Q23: 46216 | R23: =+Q23+T23 -> 46231 | S23: 46244 | T23: 15 | U23: =WORKDAY(Q23,T23,Feriados!$J$2:$J$22) -> 46238 | V23: =+S23-Q23 -> 28 | W23: =IF(NETWORKDAYS(Q23,S23,Feriados!$J$2:$J$22)-1>=0,NETWORKDAYS(Q23,S23,Feriados!$J$2:$J$22)-1,"NO APLICA") -> 19 | X23: =SUM(U23-TODAY()) -> -58 | Z23: EQ. POL | AB23: NO | AC23: SEGURIDAD
A24: 23 | B24: 29 | C24: =IF(ISERROR(VLOOKUP(I24,[1]DEP!$B$3:$E$583,1,FALSE)),"NO","SI") -> NO | D24: =IF(ISERROR(VLOOKUP(I24,[2]FRG!$S$19:$U$288,1,FALSE)),"NO","SI") -> NO | E24: =IF(ISERROR(VLOOKUP(I24,[3]DATOS_PREINVERSION!$O$3:$R$475,1,FALSE)),"NO","SI") -> SI | F24: CHILOÉ | G24: QUELLÓN | H24: MUNICIPALIDAD QUELLÓN | I24: 40078361 | J24: ADQUISICION Y REPOSICIÓN CAMIONES Y CONTENEDORES RSD | K24: 1497000000 | L24: Fabián Rutte | M24: FIRMA OBS | N24: 46064 | O24: 46085 | P24: =IF(NETWORKDAYS(N24,O24,Feriados!$J$2:$J$22)-1>=0,NETWORKDAYS(N24,O24,Feriados!$J$2:$J$22)-1,"NO APLICA") -> 15 | Q24: 46188 | R24: =+Q24+T24 -> 46203 | S24: 46223 | T24: 15 | U24: =WORKDAY(Q24,T24,Feriados!$J$2:$J$22) -> 46210 | V24: =+S24-Q24 -> 35 | W24: =IF(NETWORKDAYS(Q24,S24,Feriados!$J$2:$J$22)-1>=0,NETWORKDAYS(Q24,S24,Feriados!$J$2:$J$22)-1,"NO APLICA") -> 23 | X24: =SUM(U24-TODAY()) -> -86 | Z24: CAMIONES RSD | AB24: NO | AC24: RECURSOS NATURALES Y MEDIO AMBIENTE / MEDIO AMBIENTE
A25: 24 | B25: 22 | C25: =IF(ISERROR(VLOOKUP(I25,[1]DEP!$B$3:$E$583,1,FALSE)),"NO","SI") -> NO | D25: =IF(ISERROR(VLOOKUP(I25,[2]FRG!$S$19:$U$288,1,FALSE)),"NO","SI") -> NO | E25: =IF(ISERROR(VLOOKUP(I25,[3]DATOS_PREINVERSION!$O$3:$R$475,1,FALSE)),"NO","SI") -> NO | F25: X REGION | G25: X REGION | H25: GORE LOS LAGOS | I25: 40078276 | J25: DIAGNOSTICO ECOSISTEMA INTEGRADO TELEVIGILANCIA EN LAS COMUNAS DE LA REGION DE LOS LAGOS | K25: 220000000 | L25: Fabián Rutte | M25: DIPRES | N25: 46059 | O25: 46059 | P25: =IF(NETWORKDAYS(N25,O25,Feriados!$J$2:$J$22)-1>=0,NETWORKDAYS(N25,O25,Feriados!$J$2:$J$22)-1,"NO APLICA") -> 0 | Q25: 46059 | R25: =+Q25+T25 -> 46074 | S25: 46059 | T25: 15 | U25: =WORKDAY(Q25,T25,Feriados!$J$2:$J$22) -> 46080 | V25: =+S25-Q25 -> 0 | W25: =IF(NETWORKDAYS(Q25,S25,Feriados!$J$2:$J$22)-1>=0,NETWORKDAYS(Q25,S25,Feriados!$J$2:$J$22)-1,"NO APLICA") -> 0 | X25: =SUM(U25-TODAY()) -> -216 | Z25: EPG | AB25: NO | AC25: SEGURIDAD
A26: 25 | B26: 22 | C26: =IF(ISERROR(VLOOKUP(I26,[1]DEP!$B$3:$E$583,1,FALSE)),"NO","SI") -> NO | D26: =IF(ISERROR(VLOOKUP(I26,[2]FRG!$S$19:$U$288,1,FALSE)),"NO","SI") -> NO | E26: =IF(ISERROR(VLOOKUP(I26,[3]DATOS_PREINVERSION!$O$3:$R$475,1,FALSE)),"NO","SI") -> NO | F26: X REGION | G26: X REGION | H26: GORE LOS LAGOS | I26: 40076970 | J26: ACTUALIZACION POLITICA DE TURISMO E IMAGEN REGION. | K26: 146000000 | L26: Fabián Rutte | M26: DIPRES | N26: 46077 | O26: 46084 | P26: =IF(NETWORKDAYS(N26,O26,Feriados!$J$2:$J$22)-1>=0,NETWORKDAYS(N26,O26,Feriados!$J$2:$J$22)-1,"NO APLICA") -> 5 | Q26: 46077 | R26: =+Q26+T26 -> 46092 | S26: 46084 | T26: 15 | U26: =WORKDAY(Q26,T26,Feriados!$J$2:$J$22) -> 46098 | V26: =+S26-Q26 -> 7 | W26: =IF(NETWORKDAYS(Q26,S26,Feriados!$J$2:$J$22)-1>=0,NETWORKDAYS(Q26,S26,Feriados!$J$2:$J$22)-1,"NO APLICA") -> 5 | X26: =SUM(U26-TODAY()) -> -198 | Z26: EPG | AB26: NO | AC26: TURISMO
A27: 26 | B27: 29 | C27: =IF(ISERROR(VLOOKUP(I27,[1]DEP!$B$3:$E$583,1,FALSE)),"NO","SI") -> NO | D27: =IF(ISERROR(VLOOKUP(I27,[2]FRG!$S$19:$U$288,1,FALSE)),"NO","SI") -> NO | E27: =IF(ISERROR(VLOOKUP(I27,[3]DATOS_PREINVERSION!$O$3:$R$475,1,FALSE)),"NO","SI") -> NO | F27: PALENA | G27: HUALAIHUÉ | H27: MUNICIPALIDAD HUALAIHUÉ | I27: 40066280 | J27: REPOSICION CAMIONETAS MUNICIPALES PARA TRASLADO DE FUNCIONARIOS, COMUNA DE HUALAIHUÉ | K27: 121569000 | L27: Fabián Rutte | M27: CUMPLE RT | N27: 46080 | O27: 46097 | P27: =IF(NETWORKDAYS(N27,O27,Feriados!$J$2:$J$22)-1>=0,NETWORKDAYS(N27,O27,Feriados!$J$2:$J$22)-1,"NO APLICA") -> 11 | Q27: 46080 | R27: =+Q27+T27 -> 46095 | S27: 46097 | T27: 15 | U27: =WORKDAY(Q27,T27,Feriados!$J$2:$J$22) -> 46101 | V27: =+S27-Q27 -> 17 | W27: =IF(NETWORKDAYS(Q27,S27,Feriados!$J$2:$J$22)-1>=0,NETWORKDAYS(Q27,S27,Feriados!$J$2:$J$22)-1,"NO APLICA") -> 11 | X27: =SUM(U27-TODAY()) -> -195 | Y27: 512/16-03-2026 | Z27: VEHICULOS | AB27: NO | AC27: MULTISECTORIAL
A28: 27 | B28: 29 | C28: =IF(ISERROR(VLOOKUP(I28,[1]DEP!$B$3:$E$583,1,FALSE)),"NO","SI") -> NO | D28: =IF(ISERROR(VLOOKUP(I28,[2]FRG!$S$19:$U$288,1,FALSE)),"NO","SI") -> NO | E28: =IF(ISERROR(VLOOKUP(I28,[3]DATOS_PREINVERSION!$O$3:$R$475,1,FALSE)),"NO","SI") -> SI | F28: OSORNO | G28: OSORNO | H28: SERVICIO SALUD OSORNO | I28: 40076844 | J28: REPOSICION Y ADQUISICION EQUIPOS Y EQUIPAMIENTO URGENCIA PEDIATRICA HBO | K28: 231800000 | L28: Fabián Rutte | M28: RT FIRMA | N28: 46083 | O28: 46094 | P28: =IF(NETWORKDAYS(N28,O28,Feriados!$J$2:$J$22)-1>=0,NETWORKDAYS(N28,O28,Feriados!$J$2:$J$22)-1,"NO APLICA") -> 9 | Q28: 46225 | R28: =+Q28+T28 -> 46240 | S28: 46258 | T28: 15 | U28: =WORKDAY(Q28,T28,Feriados!$J$2:$J$22) -> 46246 | V28: =+S28-Q28 -> 33 | W28: =IF(NETWORKDAYS(Q28,S28,Feriados!$J$2:$J$22)-1>=0,NETWORKDAYS(Q28,S28,Feriados!$J$2:$J$22)-1,"NO APLICA") -> 23 | X28: =SUM(U28-TODAY()) -> -50 | Z28: EQ. SALUD | AB28: NO | AC28: SALUD
A29: 28 | B29: 29 | C29: =IF(ISERROR(VLOOKUP(I29,[1]DEP!$B$3:$E$583,1,FALSE)),"NO","SI") -> NO | D29: =IF(ISERROR(VLOOKUP(I29,[2]FRG!$S$19:$U$288,1,FALSE)),"NO","SI") -> NO | E29: =IF(ISERROR(VLOOKUP(I29,[3]DATOS_PREINVERSION!$O$3:$R$475,1,FALSE)),"NO","SI") -> SI | F29: CHILOÉ | G29: CASTRO | H29: SERVICIO SALUD CHILOÉ | I29: 40075714 | J29: REPOSICION Y ADQUISICIÓN DE EQUIPOS Y EQUIPAMIENTO PLAN DE CÁNCER DEL HOSPITAL DE CASTRO | K29: 2406161000 | L29: Fabián Rutte | M29: CUMPLE RT | N29: 46083 | O29: 46101 | P29: =IF(NETWORKDAYS(N29,O29,Feriados!$J$2:$J$22)-1>=0,NETWORKDAYS(N29,O29,Feriados!$J$2:$J$22)-1,"NO APLICA") -> 14 | Q29: 46140 | R29: =+Q29+T29 -> 46155 | S29: 46153 | T29: 15 | U29: =WORKDAY(Q29,T29,Feriados!$J$2:$J$22) -> 46162 | V29: =+S29-Q29 -> 13 | W29: =IF(NETWORKDAYS(Q29,S29,Feriados!$J$2:$J$22)-1>=0,NETWORKDAYS(Q29,S29,Feriados!$J$2:$J$22)-1,"NO APLICA") -> 8 | X29: =SUM(U29-TODAY()) -> -134 | Y29: 1.070/11-05-2026 | Z29: EQ. SALUD | AB29: NO | AC29: SALUD
A30: 29 | B30: 29 | C30: =IF(ISERROR(VLOOKUP(I30,[1]DEP!$B$3:$E$583,1,FALSE)),"NO","SI") -> SI | D30: =IF(ISERROR(VLOOKUP(I30,[2]FRG!$S$19:$U$288,1,FALSE)),"NO","SI") -> NO | E30: =IF(ISERROR(VLOOKUP(I30,[3]DATOS_PREINVERSION!$O$3:$R$475,1,FALSE)),"NO","SI") -> SI | F30: LLANQUIHUE | G30: LLANQUIHUE | H30: MUNICIPALIDAD LLANQUIHUE | I30: 40032936 | J30: REPOSICION DE DOS CAMIONES RSD Y ADQUISICION DE UN CAMION RSD, COMUNA DE LLANQUIHUE | K30: 611898000 | L30: Fabián Rutte | M30: FIRMA OBS | N30: 46083 | O30: 46105 | P30: =IF(NETWORKDAYS(N30,O30,Feriados!$J$2:$J$22)-1>=0,NETWORKDAYS(N30,O30,Feriados!$J$2:$J$22)-1,"NO APLICA") -> 16 | Q30: 46240 | R30: =+Q30+T30 -> 46255 | S30: 46269 | T30: 15 | U30: =WORKDAY(Q30,T30,Feriados!$J$2:$J$22) -> 46261 | V30: =+S30-Q30 -> 29 | W30: =IF(NETWORKDAYS(Q30,S30,Feriados!$J$2:$J$22)-1>=0,NETWORKDAYS(Q30,S30,Feriados!$J$2:$J$22)-1,"NO APLICA") -> 21 | X30: =SUM(U30-TODAY()) -> -35 | Z30: CAMIONES RSD | AB30: NO | AC30: RECURSOS NATURALES Y MEDIO AMBIENTE / MEDIO AMBIENTE
A31: 30 | B31: 29 | C31: =IF(ISERROR(VLOOKUP(I31,[1]DEP!$B$3:$E$583,1,FALSE)),"NO","SI") -> NO | D31: =IF(ISERROR(VLOOKUP(I31,[2]FRG!$S$19:$U$288,1,FALSE)),"NO","SI") -> NO | E31: =IF(ISERROR(VLOOKUP(I31,[3]DATOS_PREINVERSION!$O$3:$R$475,1,FALSE)),"NO","SI") -> SI | F31: OSORNO | G31: SAN PABLO | H31: MUNICIPALIDAD SAN PABLO | I31: 40077191 | J31: REPOSICION DOS AMBULANCIAS DE LA COMUNA DE SAN PABLO | K31: 261800000 | L31: Fabián Rutte | M31: CUMPLE RT | N31: 46090 | O31: 46092 | P31: =IF(NETWORKDAYS(N31,O31,Feriados!$J$2:$J$22)-1>=0,NETWORKDAYS(N31,O31,Feriados!$J$2:$J$22)-1,"NO APLICA") -> 2 | Q31: 46141 | R31: =+Q31+T31 -> 46156 | S31: 46132 | T31: 15 | U31: =WORKDAY(Q31,T31,Feriados!$J$2:$J$22) -> 46164 | V31: =+S31-Q31 -> -9 | W31: =IF(NETWORKDAYS(Q31,S31,Feriados!$J$2:$J$22)-1>=0,NETWORKDAYS(Q31,S31,Feriados!$J$2:$J$22)-1,"NO APLICA") -> NO APLICA | X31: =SUM(U31-TODAY()) -> -132 | Y31: 1.252/25-05-2026 | Z31: AMBULANCIAS | AB31: NO | AC31: SALUD
A32: 31 | B32: 29 | C32: =IF(ISERROR(VLOOKUP(I32,[1]DEP!$B$3:$E$583,1,FALSE)),"NO","SI") -> SI | D32: =IF(ISERROR(VLOOKUP(I32,[2]FRG!$S$19:$U$288,1,FALSE)),"NO","SI") -> NO | E32: =IF(ISERROR(VLOOKUP(I32,[3]DATOS_PREINVERSION!$O$3:$R$475,1,FALSE)),"NO","SI") -> SI | F32: CHILOÉ | G32: CASTRO | H32: MUNICIPALIDAD CASTRO | I32: 40043234 | J32: REPOSICIÓN MAQUINARIA MUNICIPAL, COMUNA DE CASTRO | K32: 1823354000 | L32: Fabián Rutte | M32: CUMPLE RT | N32: 46098 | O32: 46113 | P32: =IF(NETWORKDAYS(N32,O32,Feriados!$J$2:$J$22)-1>=0,NETWORKDAYS(N32,O32,Feriados!$J$2:$J$22)-1,"NO APLICA") -> 11 | Q32: 46139 | R32: =+Q32+T32 -> 46154 | S32: 46168 | T32: 15 | U32: =WORKDAY(Q32,T32,Feriados!$J$2:$J$22) -> 46161 | V32: =+S32-Q32 -> 29 | W32: =IF(NETWORKDAYS(Q32,S32,Feriados!$J$2:$J$22)-1>=0,NETWORKDAYS(Q32,S32,Feriados!$J$2:$J$22)-1,"NO APLICA") -> 19 | X32: =SUM(U32-TODAY()) -> -135 | Y32: 1.273/27-05-2026 | Z32: MAQ. CNOS | AB32: NO | AC32: TRANSPORTE
A33: 32 | B33: 29 | C33: =IF(ISERROR(VLOOKUP(I33,[1]DEP!$B$3:$E$583,1,FALSE)),"NO","SI") -> NO | D33: =IF(ISERROR(VLOOKUP(I33,[2]FRG!$S$19:$U$288,1,FALSE)),"NO","SI") -> NO | E33: =IF(ISERROR(VLOOKUP(I33,[3]DATOS_PREINVERSION!$O$3:$R$475,1,FALSE)),"NO","SI") -> SI | F33: LLANQUIHUE | G33: FRUTILLAR | H33: MUNICIPALIDAD FRUTILLAR | I33: 40070081 | J33: CONSERVACION GIMNASIO MUNICIPAL DE CASMA | K33: 677430000 | L33: Fabián Rutte | M33: EN EVALUACIÓN | N33: 46099 | O33: 46121 | P33: =IF(NETWORKDAYS(N33,O33,Feriados!$J$2:$J$22)-1>=0,NETWORKDAYS(N33,O33,Feriados!$J$2:$J$22)-1,"NO APLICA") -> 15 | Q33: 46254 | R33: =+Q33+T33 -> 46269 | S33: 46226 | T33: 15 | U33: =WORKDAY(Q33,T33,Feriados!$J$2:$J$22) -> 46275 | V33: =+S33-Q33 -> -28 | W33: =IF(NETWORKDAYS(Q33,S33,Feriados!$J$2:$J$22)-1>=0,NETWORKDAYS(Q33,S33,Feriados!$J$2:$J$22)-1,"NO APLICA") -> NO APLICA | X33: =SUM(U33-TODAY()) -> -21 | Z33: DEPORTE CONSERVACION | AB33: NO | AC33: DEPORTE
A34: 33 | B34: 31 | C34: =IF(ISERROR(VLOOKUP(I34,[1]DEP!$B$3:$E$583,1,FALSE)),"NO","SI") -> NO | D34: =IF(ISERROR(VLOOKUP(I34,[2]FRG!$S$19:$U$288,1,FALSE)),"NO","SI") -> NO | E34: =IF(ISERROR(VLOOKUP(I34,[3]DATOS_PREINVERSION!$O$3:$R$475,1,FALSE)),"NO","SI") -> SI | F34: OSORNO | G34: PUERTO OCTAY | H34: MUNICIPALIDAD PUERTO OCTAY | I34: 40072903 | J34: CONSERVACION CAMINOS NO ENROLADOS SECTORES LAS JUNTAS, EL ESCUDO Y NOCHACO, COMUNA DE PUERTO OCTAY | K34: 403384000 | L34: Fabián Rutte | M34: EN EVALUACIÓN | N34: 46100 | O34: 46126 | P34: =IF(NETWORKDAYS(N34,O34,Feriados!$J$2:$J$22)-1>=0,NETWORKDAYS(N34,O34,Feriados!$J$2:$J$22)-1,"NO APLICA") -> 17 | Q34: 46267 | R34: =+Q34+T34 -> 46282 | S34: 46126 | T34: 15 | U34: =WORKDAY(Q34,T34,Feriados!$J$2:$J$22) -> 46289 | V34: =+S34-Q34 -> -141 | W34: =IF(NETWORKDAYS(Q34,S34,Feriados!$J$2:$J$22)-1>=0,NETWORKDAYS(Q34,S34,Feriados!$J$2:$J$22)-1,"NO APLICA") -> NO APLICA | X34: =SUM(U34-TODAY()) -> -7 | Z34: CNOS NO ENROLADOS | AB34: NO | AC34: TRANSPORTE
A35: 34 | B35: 29 | C35: =IF(ISERROR(VLOOKUP(I35,[1]DEP!$B$3:$E$583,1,FALSE)),"NO","SI") -> NO | D35: =IF(ISERROR(VLOOKUP(I35,[2]FRG!$S$19:$U$288,1,FALSE)),"NO","SI") -> NO | E35: =IF(ISERROR(VLOOKUP(I35,[3]DATOS_PREINVERSION!$O$3:$R$475,1,FALSE)),"NO","SI") -> SI | F35: OSORNO | G35: PUERTO OCTAY | H35: MUNICIPALIDAD PUERTO OCTAY | I35: 40078495 | J35: ADQUISICION Y REPOSICIÓN DE VEHICULOS MUNICIPALES, COMUNA DE PUERTO OCTAY. | K35: 161986000 | L35: Fabián Rutte | M35: EN EVALUACIÓN | N35: 46100 | O35: 46119 | P35: =IF(NETWORKDAYS(N35,O35,Feriados!$J$2:$J$22)-1>=0,NETWORKDAYS(N35,O35,Feriados!$J$2:$J$22)-1,"NO APLICA") -> 12 | Q35: 46281 | R35: =+Q35+T35 -> 46296 | S35: 46237 | T35: 15 | U35: =WORKDAY(Q35,T35,Feriados!$J$2:$J$22) -> 46303 | V35: =+S35-Q35 -> -44 | W35: =IF(NETWORKDAYS(Q35,S35,Feriados!$J$2:$J$22)-1>=0,NETWORKDAYS(Q35,S35,Feriados!$J$2:$J$22)-1,"NO APLICA") -> NO APLICA | X35: =SUM(U35-TODAY()) -> 7 | Z35: VEHICULOS | AB35: NO | AC35: TRANSPORTE
A36: 35 | B36: 22 | C36: =IF(ISERROR(VLOOKUP(I36,[1]DEP!$B$3:$E$583,1,FALSE)),"NO","SI") -> NO | D36: =IF(ISERROR(VLOOKUP(I36,[2]FRG!$S$19:$U$288,1,FALSE)),"NO","SI") -> NO | E36: =IF(ISERROR(VLOOKUP(I36,[3]DATOS_PREINVERSION!$O$3:$R$475,1,FALSE)),"NO","SI") -> SI | F36: CHILOÉ | G36: QUELLÓN | H36: MUNICIPALIDAD QUELLÓN | I36: 40048803 | J36: ACTUALIZACION PLAN REGULADOR COMUNAL DE QUELLON | K36: 400000000 | L36: Fabián Rutte | M36: DIPRES | N36: 46108 | P36: =IF(NETWORKDAYS(N36,O36,Feriados!$J$2:$J$22)-1>=0,NETWORKDAYS(N36,O36,Feriados!$J$2:$J$22)-1,"NO APLICA") -> NO APLICA | Q36: 46108 | R36: =+Q36+T36 -> 46123 | T36: 15 | U36: =WORKDAY(Q36,T36,Feriados!$J$2:$J$22) -> 46132 | V36: =+S36-Q36 -> -46108 | W36: =IF(NETWORKDAYS(Q36,S36,Feriados!$J$2:$J$22)-1>=0,NETWORKDAYS(Q36,S36,Feriados!$J$2:$J$22)-1,"NO APLICA") -> NO APLICA | X36: =SUM(U36-TODAY()) -> -164 | Z36: EPG | AB36: NO | AC36: VIVIENDA Y URBANISMO
A37: 36 | B37: 31 | C37: =IF(ISERROR(VLOOKUP(I37,[1]DEP!$B$3:$E$583,1,FALSE)),"NO","SI") -> SI | D37: =IF(ISERROR(VLOOKUP(I37,[2]FRG!$S$19:$U$288,1,FALSE)),"NO","SI") -> SI | E37: =IF(ISERROR(VLOOKUP(I37,[3]DATOS_PREINVERSION!$O$3:$R$475,1,FALSE)),"NO","SI") -> NO | F37: OSORNO | G37: RÍO NEGRO | H37: MUNICIPALIDAD RÍO NEGRO | I37: 40032117 | J37: REEV CONSERVACION CAMINOS VECINALES DE ÑANCUÁN CHANCHAN, SAN FLORENTINO Y QUISQUELELFUN, RÍO NEGRO | K37: 923194000 | L37: Fabián Rutte | M37: CUMPLE RT | P37: =IF(NETWORKDAYS(N37,O37,Feriados!$J$2:$J$22)-1>=0,NETWORKDAYS(N37,O37,Feriados!$J$2:$J$22)-1,"NO APLICA") -> NO APLICA | Q37: 46182 | R37: =+Q37+T37 -> 46192 | S37: 46184 | T37: 10 | U37: =WORKDAY(Q37,T37,Feriados!$J$2:$J$22) -> 46196 | V37: =+S37-Q37 -> 2 | W37: =IF(NETWORKDAYS(Q37,S37,Feriados!$J$2:$J$22)-1>=0,NETWORKDAYS(Q37,S37,Feriados!$J$2:$J$22)-1,"NO APLICA") -> 2 | X37: =SUM(U37-TODAY()) -> -100 | Y37: 2.645/25-10-2024 | Z37: CNOS NO ENROLADOS | AB37: SI | AC37: TRANSPORTE
A38: 37 | B38: 29 | C38: =IF(ISERROR(VLOOKUP(I38,[1]DEP!$B$3:$E$583,1,FALSE)),"NO","SI") -> NO | D38: =IF(ISERROR(VLOOKUP(I38,[2]FRG!$S$19:$U$288,1,FALSE)),"NO","SI") -> NO | E38: =IF(ISERROR(VLOOKUP(I38,[3]DATOS_PREINVERSION!$O$3:$R$475,1,FALSE)),"NO","SI") -> NO | F38: OSORNO | G38: OSORNO | H38: SERVICIO SALUD OSORNO | I38: 50000472 | J38: REPOSICIÓN EQUIPOS Y EQUIPAMIENTO PABELLÓN Y POST OPERADO HOSPITAL BASE SAN JOSÉ DE OSORNO, SSO | K38: 2784569000 | L38: Fabián Rutte | M38: OBSERVADO | N38: 46120 | O38: 46141 | P38: =IF(NETWORKDAYS(N38,O38,Feriados!$J$2:$J$22)-1>=0,NETWORKDAYS(N38,O38,Feriados!$J$2:$J$22)-1,"NO APLICA") -> 15 | Q38: 46120 | R38: =+Q38+T38 -> 46135 | S38: 46141 | T38: 15 | U38: =WORKDAY(Q38,T38,Feriados!$J$2:$J$22) -> 46141 | V38: =+S38-Q38 -> 21 | W38: =IF(NETWORKDAYS(Q38,S38,Feriados!$J$2:$J$22)-1>=0,NETWORKDAYS(Q38,S38,Feriados!$J$2:$J$22)-1,"NO APLICA") -> 15 | X38: =SUM(U38-TODAY()) -> -155 | Z38: MAQ. CNOS | AB38: NO | AC38: TRANSPORTE
A39: 38 | B39: 29 | C39: =IF(ISERROR(VLOOKUP(I39,[1]DEP!$B$3:$E$583,1,FALSE)),"NO","SI") -> NO | D39: =IF(ISERROR(VLOOKUP(I39,[2]FRG!$S$19:$U$288,1,FALSE)),"NO","SI") -> NO | E39: =IF(ISERROR(VLOOKUP(I39,[3]DATOS_PREINVERSION!$O$3:$R$475,1,FALSE)),"NO","SI") -> SI | F39: PALENA | G39: CHAITÉN | H39: MUNICIPALIDAD CHAITÉN | I39: 40078825 | J39: EQUIPAMIENTO ADQUISICIÓN EQUIPOS Y EQUIPAMIENTO PARA POSTAS DE SALUD RURAL COMUNA DE CHAITÉN | K39: 758810000 | L39: Fabián Rutte | M39: OBSERVADO | N39: 46128 | O39: 46153 | P39: =IF(NETWORKDAYS(N39,O39,Feriados!$J$2:$J$22)-1>=0,NETWORKDAYS(N39,O39,Feriados!$J$2:$J$22)-1,"NO APLICA") -> 16 | Q39: 46128 | R39: =+Q39+T39 -> 46143 | S39: 46153 | T39: 15 | U39: =WORKDAY(Q39,T39,Feriados!$J$2:$J$22) -> 46150 | V39: =+S39-Q39 -> 25 | W39: =IF(NETWORKDAYS(Q39,S39,Feriados!$J$2:$J$22)-1>=0,NETWORKDAYS(Q39,S39,Feriados!$J$2:$J$22)-1,"NO APLICA") -> 16 | X39: =SUM(U39-TODAY()) -> -146 | Z39: EQ. SALUD | AB39: NO | AC39: TRANSPORTE
A40: 39 | B40: 31 | C40: =IF(ISERROR(VLOOKUP(I40,[1]DEP!$B$3:$E$583,1,FALSE)),"NO","SI") -> NO | D40: =IF(ISERROR(VLOOKUP(I40,[2]FRG!$S$19:$U$288,1,FALSE)),"NO","SI") -> NO | E40: =IF(ISERROR(VLOOKUP(I40,[3]DATOS_PREINVERSION!$O$3:$R$475,1,FALSE)),"NO","SI") -> SI | F40: OSORNO | G40: PURRANQUE | H40: MUNICIPALIDAD PURRANQUE | I40: 40055184 | J40: CONSERVACION VEREDAS SECTOR AGUAS ANDINAS COMUNA DE PURRANQUE | K40: 526496242 | L40: Fabián Rutte | M40: OBSERVADO | N40: 46127 | O40: 46148 | P40: =IF(NETWORKDAYS(N40,O40,Feriados!$J$2:$J$22)-1>=0,NETWORKDAYS(N40,O40,Feriados!$J$2:$J$22)-1,"NO APLICA") -> 14 | Q40: 46127 | R40: =+Q40+T40 -> 46142 | S40: 46148 | T40: 15 | U40: =WORKDAY(Q40,T40,Feriados!$J$2:$J$22) -> 46149 | V40: =+S40-Q40 -> 21 | W40: =IF(NETWORKDAYS(Q40,S40,Feriados!$J$2:$J$22)-1>=0,NETWORKDAYS(Q40,S40,Feriados!$J$2:$J$22)-1,"NO APLICA") -> 14 | X40: =SUM(U40-TODAY()) -> -147 | Z40: VEREDAS | AB40: NO | AC40: VIVIENDA Y URBANISMO
A41: 40 | B41: 29 | C41: =IF(ISERROR(VLOOKUP(I41,[1]DEP!$B$3:$E$583,1,FALSE)),"NO","SI") -> SI | D41: =IF(ISERROR(VLOOKUP(I41,[2]FRG!$S$19:$U$288,1,FALSE)),"NO","SI") -> SI | E41: =IF(ISERROR(VLOOKUP(I41,[3]DATOS_PREINVERSION!$O$3:$R$475,1,FALSE)),"NO","SI") -> SI | F41: LLANQUIHUE | G41: PUERTO MONTT | H41: ULA | I41: 40042999 | J41: REEV REPOSICION DE EQUIPOS LABORATORIOS DE CARRERAS MARÍTIMAS DEL TECNOLÓGICO U LAGOS | K41: 570505000 | L41: Fabián Rutte | M41: OBSERVADO | P41: =IF(NETWORKDAYS(N41,O41,Feriados!$J$2:$J$22)-1>=0,NETWORKDAYS(N41,O41,Feriados!$J$2:$J$22)-1,"NO APLICA") -> NO APLICA | Q41: 46184 | R41: =+Q41+T41 -> 46194 | S41: 46210 | T41: 10 | U41: =WORKDAY(Q41,T41,Feriados!$J$2:$J$22) -> 46198 | V41: =+S41-Q41 -> 26 | W41: =IF(NETWORKDAYS(Q41,S41,Feriados!$J$2:$J$22)-1>=0,NETWORKDAYS(Q41,S41,Feriados!$J$2:$J$22)-1,"NO APLICA") -> 17 | X41: =SUM(U41-TODAY()) -> -98 | Y41: 4.031/30-10-2023 | Z41: EQ. EDUCATIVO | AA41: 1182 | AB41: SI | AC41: EDUCACION, CULTURA Y PATRIMONIO / EDUCACION SUPERIOR
A42: 41 | B42: 29 | C42: =IF(ISERROR(VLOOKUP(I42,[1]DEP!$B$3:$E$583,1,FALSE)),"NO","SI") -> SI | D42: =IF(ISERROR(VLOOKUP(I42,[2]FRG!$S$19:$U$288,1,FALSE)),"NO","SI") -> NO | E42: =IF(ISERROR(VLOOKUP(I42,[3]DATOS_PREINVERSION!$O$3:$R$475,1,FALSE)),"NO","SI") -> NO | F42: CHILOÉ | G42: QUEMCHI | H42: MUNICIPALIDAD QUEMCHI | I42: 40043567 | J42: ADQUISICION Y REPOSICIÓN MAQUINARIA VIAL, COMUNA QUEMCHI. | K42: 865933000 | L42: Fabián Rutte | M42: RT FIRMA | N42: 46133 | O42: 46161 | P42: =IF(NETWORKDAYS(N42,O42,Feriados!$J$2:$J$22)-1>=0,NETWORKDAYS(N42,O42,Feriados!$J$2:$J$22)-1,"NO APLICA") -> 19 | Q42: 46178 | R42: =+Q42+T42 -> 46193 | S42: 46191 | T42: 15 | U42: =WORKDAY(Q42,T42,Feriados!$J$2:$J$22) -> 46199 | V42: =+S42-Q42 -> 13 | W42: =IF(NETWORKDAYS(Q42,S42,Feriados!$J$2:$J$22)-1>=0,NETWORKDAYS(Q42,S42,Feriados!$J$2:$J$22)-1,"NO APLICA") -> 9 | X42: =SUM(U42-TODAY()) -> -97 | Z42: MAQ. CNOS | AB42: NO | AC42: TRANSPORTE
A43: 42 | B43: 29 | C43: =IF(ISERROR(VLOOKUP(I43,[1]DEP!$B$3:$E$583,1,FALSE)),"NO","SI") -> NO | D43: =IF(ISERROR(VLOOKUP(I43,[2]FRG!$S$19:$U$288,1,FALSE)),"NO","SI") -> NO | E43: =IF(ISERROR(VLOOKUP(I43,[3]DATOS_PREINVERSION!$O$3:$R$475,1,FALSE)),"NO","SI") -> SI | F43: CHILOÉ | G43: CHONCHI | H43: MUNICIPALIDAD CHONCHI | I43: 40078806 | J43: REPOSICION Y ADQUISICIÓN DE VEHICULOS MENORES PARA LA COMUNA DE CHONCHI | K43: 232735000 | L43: Fabián Rutte | M43: RT FIRMA | N43: 46142 | O43: 46169 | P43: =IF(NETWORKDAYS(N43,O43,Feriados!$J$2:$J$22)-1>=0,NETWORKDAYS(N43,O43,Feriados!$J$2:$J$22)-1,"NO APLICA") -> 17 | Q43: 46238 | R43: =+Q43+T43 -> 46253 | S43: 46266 | T43: 15 | U43: =WORKDAY(Q43,T43,Feriados!$J$2:$J$22) -> 46259 | V43: =+S43-Q43 -> 28 | W43: =IF(NETWORKDAYS(Q43,S43,Feriados!$J$2:$J$22)-1>=0,NETWORKDAYS(Q43,S43,Feriados!$J$2:$J$22)-1,"NO APLICA") -> 20 | X43: =SUM(U43-TODAY()) -> -37 | Z43: VEHICULOS | AB43: NO | AC43: MULTISECTORIAL
A44: 43 | B44: 29 | C44: =IF(ISERROR(VLOOKUP(I44,[1]DEP!$B$3:$E$583,1,FALSE)),"NO","SI") -> NO | D44: =IF(ISERROR(VLOOKUP(I44,[2]FRG!$S$19:$U$288,1,FALSE)),"NO","SI") -> NO | E44: =IF(ISERROR(VLOOKUP(I44,[3]DATOS_PREINVERSION!$O$3:$R$475,1,FALSE)),"NO","SI") -> NO | F44: REGIONAL | G44: REGIONAL | H44: SERVICIO MÉDICO LEGAL | I44: 40077156 | J44: REPOSICION CAMIONETAS PARA EL SERVICIO MÉDICO LEGAL REGIÓN DE LOS LAGOS | K44: 285564000 | L44: Fabián Rutte | M44: FIRMA OBS | N44: 46156 | O44: 46177 | P44: =IF(NETWORKDAYS(N44,O44,Feriados!$J$2:$J$22)-1>=0,NETWORKDAYS(N44,O44,Feriados!$J$2:$J$22)-1,"NO APLICA") -> 14 | Q44: 46239 | R44: =+Q44+T44 -> 46254 | S44: 46266 | T44: 15 | U44: =WORKDAY(Q44,T44,Feriados!$J$2:$J$22) -> 46260 | V44: =+S44-Q44 -> 27 | W44: =IF(NETWORKDAYS(Q44,S44,Feriados!$J$2:$J$22)-1>=0,NETWORKDAYS(Q44,S44,Feriados!$J$2:$J$22)-1,"NO APLICA") -> 19 | X44: =SUM(U44-TODAY()) -> -36 | Z44: VEHICULOS | AB44: NO | AC44: SALUD
A45: 44 | B45: 31 | C45: =IF(ISERROR(VLOOKUP(I45,[1]DEP!$B$3:$E$583,1,FALSE)),"NO","SI") -> NO | D45: =IF(ISERROR(VLOOKUP(I45,[2]FRG!$S$19:$U$288,1,FALSE)),"NO","SI") -> SI | E45: =IF(ISERROR(VLOOKUP(I45,[3]DATOS_PREINVERSION!$O$3:$R$475,1,FALSE)),"NO","SI") -> NO | F45: LLANQUIHUE | G45: CALBUCO | H45: MUNICIPALIDAD CALBUCO | I45: 40049581 | J45: REEV CONSERVACION CAMINOS NO ENROLADOS ISLA QUEULLÍN | K45: 984384000 | L45: Fabián Rutte | M45: OBSERVADO | P45: =IF(NETWORKDAYS(N45,O45,Feriados!$J$2:$J$22)-1>=0,NETWORKDAYS(N45,O45,Feriados!$J$2:$J$22)-1,"NO APLICA") -> NO APLICA | Q45: 46181 | R45: =+Q45+T45 -> 46191 | S45: 46188 | T45: 10 | U45: =WORKDAY(Q45,T45,Feriados!$J$2:$J$22) -> 46195 | V45: =+S45-Q45 -> 7 | W45: =IF(NETWORKDAYS(Q45,S45,Feriados!$J$2:$J$22)-1>=0,NETWORKDAYS(Q45,S45,Feriados!$J$2:$J$22)-1,"NO APLICA") -> 5 | X45: =SUM(U45-TODAY()) -> -101 | Y45: 3.861/13-10-2023 | Z45: CNOS NO ENROLADOS | AB45: SI | AC45: TRANSPORTE
A46: 45 | B46: 31 | C46: =IF(ISERROR(VLOOKUP(I46,[1]DEP!$B$3:$E$583,1,FALSE)),"NO","SI") -> NO | D46: =IF(ISERROR(VLOOKUP(I46,[2]FRG!$S$19:$U$288,1,FALSE)),"NO","SI") -> NO | E46: =IF(ISERROR(VLOOKUP(I46,[3]DATOS_PREINVERSION!$O$3:$R$475,1,FALSE)),"NO","SI") -> SI | F46: LLANQUIHUE | G46: FRESIA | H46: MUNICIPALIDAD FRESIA | I46: 40073518 | J46: CONSERVACIÓN DE ACERAS SECTOR URBANO DE FRESIA Y TEGUALDA | K46: 614990000 | L46: Fabián Rutte | M46: RT FIRMA | N46: 46153 | O46: 46175 | P46: =IF(NETWORKDAYS(N46,O46,Feriados!$J$2:$J$22)-1>=0,NETWORKDAYS(N46,O46,Feriados!$J$2:$J$22)-1,"NO APLICA") -> 15 | Q46: 46209 | R46: =+Q46+T46 -> 46224 | S46: 46238 | T46: 15 | U46: =WORKDAY(Q46,T46,Feriados!$J$2:$J$22) -> 46231 | V46: =+S46-Q46 -> 29 | W46: =IF(NETWORKDAYS(Q46,S46,Feriados!$J$2:$J$22)-1>=0,NETWORKDAYS(Q46,S46,Feriados!$J$2:$J$22)-1,"NO APLICA") -> 20 | X46: =SUM(U46-TODAY()) -> -65 | AB46: NO | AC46: VIVIENDA Y URBANISMO
A47: 46 | B47: 29 | C47: =IF(ISERROR(VLOOKUP(I47,[1]DEP!$B$3:$E$583,1,FALSE)),"NO","SI") -> NO | D47: =IF(ISERROR(VLOOKUP(I47,[2]FRG!$S$19:$U$288,1,FALSE)),"NO","SI") -> NO | E47: =IF(ISERROR(VLOOKUP(I47,[3]DATOS_PREINVERSION!$O$3:$R$475,1,FALSE)),"NO","SI") -> NO | F47: PALENA | G47: FUTALEUFÚ | H47: MUNICIPALIDAD FUTALEUFÚ | I47: 40075066 | J47: ADQUISICION Y REPOSICIÓN DE CAMIONES PICKUP Y PUNTOS LIMPIOS MOVILES | K47: 142568000 | L47: Fabián Rutte | M47: FIRMA OBS | N47: 46160 | O47: 46182 | P47: =IF(NETWORKDAYS(N47,O47,Feriados!$J$2:$J$22)-1>=0,NETWORKDAYS(N47,O47,Feriados!$J$2:$J$22)-1,"NO APLICA") -> 15 | Q47: 46160 | R47: =+Q47+T47 -> 46175 | S47: 46182 | T47: 15 | U47: =WORKDAY(Q47,T47,Feriados!$J$2:$J$22) -> 46182 | V47: =+S47-Q47 -> 22 | W47: =IF(NETWORKDAYS(Q47,S47,Feriados!$J$2:$J$22)-1>=0,NETWORKDAYS(Q47,S47,Feriados!$J$2:$J$22)-1,"NO APLICA") -> 15 | X47: =SUM(U47-TODAY()) -> -114 | AB47: NO | AC47: RECURSOS NATURALES Y MEDIO AMBIENTE
A48: 47 | B48: 29 | C48: =IF(ISERROR(VLOOKUP(I48,[1]DEP!$B$3:$E$583,1,FALSE)),"NO","SI") -> NO | D48: =IF(ISERROR(VLOOKUP(I48,[2]FRG!$S$19:$U$288,1,FALSE)),"NO","SI") -> NO | E48: =IF(ISERROR(VLOOKUP(I48,[3]DATOS_PREINVERSION!$O$3:$R$475,1,FALSE)),"NO","SI") -> NO | F48: X REGION | G48: X REGION | H48: GORE LOS LAGOS | I48: 40080250 | J48: ADQUISICIÓN DE IMPLEMENTOS PARA UNIDAD TÉCNICA GORE - DIT | K48: 200000000 | L48: Fabián Rutte | M48: EN EVALUACIÓN | N48: 46162 | O48: 46184 | P48: =IF(NETWORKDAYS(N48,O48,Feriados!$J$2:$J$22)-1>=0,NETWORKDAYS(N48,O48,Feriados!$J$2:$J$22)-1,"NO APLICA") -> 15 | Q48: 46288 | R48: =+Q48+T48 -> 46303 | S48: 46184 | T48: 15 | U48: =WORKDAY(Q48,T48,Feriados!$J$2:$J$22) -> 46310 | V48: =+S48-Q48 -> -104 | W48: =IF(NETWORKDAYS(Q48,S48,Feriados!$J$2:$J$22)-1>=0,NETWORKDAYS(Q48,S48,Feriados!$J$2:$J$22)-1,"NO APLICA") -> NO APLICA | X48: =SUM(U48-TODAY()) -> 14 | AB48: NO
A49: 48 | B49: 29 | C49: =IF(ISERROR(VLOOKUP(I49,[1]DEP!$B$3:$E$583,1,FALSE)),"NO","SI") -> NO | D49: =IF(ISERROR(VLOOKUP(I49,[2]FRG!$S$19:$U$288,1,FALSE)),"NO","SI") -> NO | E49: =IF(ISERROR(VLOOKUP(I49,[3]DATOS_PREINVERSION!$O$3:$R$475,1,FALSE)),"NO","SI") -> SI | F49: OSORNO | G49: SAN PABLO | H49: MUNICIPALIDAD SAN PABLO | I49: 40074688 | J49: ADQUISICION FURGONES MUNICIPALES DEPARTAMENTO DE SALUD Y DIDECO SAN PABLO | K49: 111745000 | L49: Fabián Rutte | M49: FIRMA OBS | N49: 46106 | O49: 46174 | P49: =IF(NETWORKDAYS(N49,O49,Feriados!$J$2:$J$22)-1>=0,NETWORKDAYS(N49,O49,Feriados!$J$2:$J$22)-1,"NO APLICA") -> 45 | Q49: 46217 | R49: =+Q49+T49 -> 46232 | S49: 46255 | T49: 15 | U49: =WORKDAY(Q49,T49,Feriados!$J$2:$J$22) -> 46239 | V49: =+S49-Q49 -> 38 | W49: =IF(NETWORKDAYS(Q49,S49,Feriados!$J$2:$J$22)-1>=0,NETWORKDAYS(Q49,S49,Feriados!$J$2:$J$22)-1,"NO APLICA") -> 27 | X49: =SUM(U49-TODAY()) -> -57 | AB49: NO
A50: 49 | B50: 29 | C50: =IF(ISERROR(VLOOKUP(I50,[1]DEP!$B$3:$E$583,1,FALSE)),"NO","SI") -> NO | D50: =IF(ISERROR(VLOOKUP(I50,[2]FRG!$S$19:$U$288,1,FALSE)),"NO","SI") -> SI | E50: =IF(ISERROR(VLOOKUP(I50,[3]DATOS_PREINVERSION!$O$3:$R$475,1,FALSE)),"NO","SI") -> SI | F50: CHILOÉ | G50: CASTRO | H50: SERVICIO SALUD CHILOÉ | I50: 40058065 | J50: REEV REPOSICION MOBILIARIO CLÍNICO EN ATENCIÓN CERRADA DEL HOSPITAL DE CASTRO | K50: 729785000 | L50: Fabián Rutte | M50: RT FIRMA | P50: =IF(NETWORKDAYS(N50,O50,Feriados!$J$2:$J$22)-1>=0,NETWORKDAYS(N50,O50,Feriados!$J$2:$J$22)-1,"NO APLICA") -> NO APLICA | Q50: 46244 | R50: 46248 | S50: 46175 | T50: 10 | U50: =WORKDAY(Q50,T50,Feriados!$J$2:$J$22) -> 46258 | V50: =+S50-Q50 -> -69 | W50: =IF(NETWORKDAYS(Q50,S50,Feriados!$J$2:$J$22)-1>=0,NETWORKDAYS(Q50,S50,Feriados!$J$2:$J$22)-1,"NO APLICA") -> NO APLICA | X50: =SUM(U50-TODAY()) -> -38 | Y50: 1.074/31-05-2024 | Z50: EQ. SALUD | AB50: SI | AC50: SALUD / ALTA COMPLEJIDAD
A51: 50 | B51: 29 | C51: =IF(ISERROR(VLOOKUP(I51,[1]DEP!$B$3:$E$583,1,FALSE)),"NO","SI") -> SI | D51: =IF(ISERROR(VLOOKUP(I51,[2]FRG!$S$19:$U$288,1,FALSE)),"NO","SI") -> NO | E51: =IF(ISERROR(VLOOKUP(I51,[3]DATOS_PREINVERSION!$O$3:$R$475,1,FALSE)),"NO","SI") -> NO | F51: CHILOÉ | G51: QUELLÓN | H51: MUNICIPALIDAD QUELLÓN | I51: 40043207 | J51: REEV REPOSICION MAQUINARIA PARA MANTENCION DE CAMINOS RURALES, QUELLON | K51: 697950000 | L51: Fabián Rutte | M51: RT FIRMA | P51: =IF(NETWORKDAYS(N51,O51,Feriados!$J$2:$J$22)-1>=0,NETWORKDAYS(N51,O51,Feriados!$J$2:$J$22)-1,"NO APLICA") -> NO APLICA | Q51: 46168 | R51: =+Q51+T51 -> 46178 | S51: 46181 | T51: 10 | U51: =WORKDAY(Q51,T51,Feriados!$J$2:$J$22) -> 46182 | V51: =+S51-Q51 -> 13 | W51: =IF(NETWORKDAYS(Q51,S51,Feriados!$J$2:$J$22)-1>=0,NETWORKDAYS(Q51,S51,Feriados!$J$2:$J$22)-1,"NO APLICA") -> 9 | X51: =SUM(U51-TODAY()) -> -114 | Y51: 3.019/10-11-2025 | Z51: MAQ. CNOS | AB51: SI | AC51: TRANSPORTE
A52: 51 | B52: 29 | C52: =IF(ISERROR(VLOOKUP(I52,[1]DEP!$B$3:$E$583,1,FALSE)),"NO","SI") -> SI | D52: =IF(ISERROR(VLOOKUP(I52,[2]FRG!$S$19:$U$288,1,FALSE)),"NO","SI") -> SI | E52: =IF(ISERROR(VLOOKUP(I52,[3]DATOS_PREINVERSION!$O$3:$R$475,1,FALSE)),"NO","SI") -> SI | F52: LLANQUIHUE | G52: MAULLÍN | H52: MUNICIPALIDAD MAULLÍN | I52: 40007939 | J52: REEV REPOSICION EQUIPOS DE ALUMBRADO PUBLICO CON TECNOLOGIA LED COMUNA DE MAULLÍN | L52: Fabián Rutte | M52: RT FIRMA | P52: =IF(NETWORKDAYS(N52,O52,Feriados!$J$2:$J$22)-1>=0,NETWORKDAYS(N52,O52,Feriados!$J$2:$J$22)-1,"NO APLICA") -> NO APLICA | Q52: 46211 | R52: =+Q52+T52 -> 46221 | S52: 46182 | T52: 10 | U52: =WORKDAY(Q52,T52,Feriados!$J$2:$J$22) -> 46226 | V52: =+S52-Q52 -> -29 | W52: =IF(NETWORKDAYS(Q52,S52,Feriados!$J$2:$J$22)-1>=0,NETWORKDAYS(Q52,S52,Feriados!$J$2:$J$22)-1,"NO APLICA") -> NO APLICA | X52: =SUM(U52-TODAY()) -> -70 | AB52: SI | AC52: ENERGÍA
A53: 52 | B53: 29 | C53: =IF(ISERROR(VLOOKUP(I53,[1]DEP!$B$3:$E$583,1,FALSE)),"NO","SI") -> NO | D53: =IF(ISERROR(VLOOKUP(I53,[2]FRG!$S$19:$U$288,1,FALSE)),"NO","SI") -> NO | E53: =IF(ISERROR(VLOOKUP(I53,[3]DATOS_PREINVERSION!$O$3:$R$475,1,FALSE)),"NO","SI") -> NO | H53: CARABINEROS X ZONA | I53: 40067537 | J53: REEV ADQUISICION DE CUATRIMOTOS PARA LA ZONA DE CARABINEROS LOS LAGOS | K53: 167421000 | L53: Fabián Rutte | M53: CUMPLE RT | P53: =IF(NETWORKDAYS(N53,O53,Feriados!$J$2:$J$22)-1>=0,NETWORKDAYS(N53,O53,Feriados!$J$2:$J$22)-1,"NO APLICA") -> NO APLICA | Q53: 46169 | R53: =+Q53+T53 -> 46179 | S53: 46178 | T53: 10 | U53: =WORKDAY(Q53,T53,Feriados!$J$2:$J$22) -> 46183 | V53: =+S53-Q53 -> 9 | W53: =IF(NETWORKDAYS(Q53,S53,Feriados!$J$2:$J$22)-1>=0,NETWORKDAYS(Q53,S53,Feriados!$J$2:$J$22)-1,"NO APLICA") -> 7 | X53: =SUM(U53-TODAY()) -> -113 | Y53: 2.593/30-09-2025 | AB53: SI | AC53: SEGURIDAD
A54: 53 | B54: 29 | C54: =IF(ISERROR(VLOOKUP(I54,[1]DEP!$B$3:$E$583,1,FALSE)),"NO","SI") -> NO | D54: =IF(ISERROR(VLOOKUP(I54,[2]FRG!$S$19:$U$288,1,FALSE)),"NO","SI") -> NO | E54: =IF(ISERROR(VLOOKUP(I54,[3]DATOS_PREINVERSION!$O$3:$R$475,1,FALSE)),"NO","SI") -> SI | F54: CHILOÉ | G54: QUELLÓN | H54: MUNICIPALIDAD QUELLÓN | I54: 40013952 | J54: REPOSICION BUS PARA ORGANIZACIONES COMUNITARIAS, COMUNA DE QUELLON | K54: 294680000 | L54: Fabián Rutte | M54: EN EVALUACIÓN | N54: 46171 | O54: 46188 | P54: =IF(NETWORKDAYS(N54,O54,Feriados!$J$2:$J$22)-1>=0,NETWORKDAYS(N54,O54,Feriados!$J$2:$J$22)-1,"NO APLICA") -> 11 | Q54: 46296 | R54: =+Q54+T54 -> 46311 | S54: 46188 | T54: 15 | U54: =WORKDAY(Q54,T54,Feriados!$J$2:$J$22) -> 46318 | V54: =+S54-Q54 -> -108 | W54: =IF(NETWORKDAYS(Q54,S54,Feriados!$J$2:$J$22)-1>=0,NETWORKDAYS(Q54,S54,Feriados!$J$2:$J$22)-1,"NO APLICA") -> NO APLICA | X54: =SUM(U54-TODAY()) -> 22 | AB54: NO
A55: 54 | B55: 29 | C55: =IF(ISERROR(VLOOKUP(I55,[1]DEP!$B$3:$E$583,1,FALSE)),"NO","SI") -> NO | D55: =IF(ISERROR(VLOOKUP(I55,[2]FRG!$S$19:$U$288,1,FALSE)),"NO","SI") -> NO | E55: =IF(ISERROR(VLOOKUP(I55,[3]DATOS_PREINVERSION!$O$3:$R$475,1,FALSE)),"NO","SI") -> NO | F55: OSORNO | G55: OSORNO | H55: SERVICIO SALUD OSORNO | I55: 40079920 | J55: ADQUISICIÓN EQUIPOS PARA HABILITACIÓN CENTRO ECMO EN HOSPITAL BASE SAN JOSÉ OSORNO | K55: 355932000 | L55: Fabián Rutte | M55: EN EVALUACIÓN | N55: 46174 | O55: 46195 | P55: =IF(NETWORKDAYS(N55,O55,Feriados!$J$2:$J$22)-1>=0,NETWORKDAYS(N55,O55,Feriados!$J$2:$J$22)-1,"NO APLICA") -> 15 | Q55: 46290 | R55: =+Q55+T55 -> 46305 | S55: 46195 | T55: 15 | U55: =WORKDAY(Q55,T55,Feriados!$J$2:$J$22) -> 46314 | V55: =+S55-Q55 -> -95 | W55: =IF(NETWORKDAYS(Q55,S55,Feriados!$J$2:$J$22)-1>=0,NETWORKDAYS(Q55,S55,Feriados!$J$2:$J$22)-1,"NO APLICA") -> NO APLICA | X55: =SUM(U55-TODAY()) -> 18 | AB55: NO
A56: 55 | B56: 29 | C56: =IF(ISERROR(VLOOKUP(I56,[1]DEP!$B$3:$E$583,1,FALSE)),"NO","SI") -> NO | D56: =IF(ISERROR(VLOOKUP(I56,[2]FRG!$S$19:$U$288,1,FALSE)),"NO","SI") -> NO | E56: =IF(ISERROR(VLOOKUP(I56,[3]DATOS_PREINVERSION!$O$3:$R$475,1,FALSE)),"NO","SI") -> NO | F56: CHILOÉ | G56: CHONCHI | H56: MUNICIPALIDAD CHONCHI | I56: 40080076 | J56: REPOSICION CAMIÓN RECOLECTOR COMUNA DE CHONCHI | L56: Fabián Rutte | M56: OBSERVADO | N56: 46175 | O56: 46199 | P56: =IF(NETWORKDAYS(N56,O56,Feriados!$J$2:$J$22)-1>=0,NETWORKDAYS(N56,O56,Feriados!$J$2:$J$22)-1,"NO APLICA") -> 18 | Q56: 46175 | R56: =+Q56+T56 -> 46190 | S56: 46079 | T56: 15 | U56: =WORKDAY(Q56,T56,Feriados!$J$2:$J$22) -> 46196 | V56: =+S56-Q56 -> -96 | W56: =IF(NETWORKDAYS(Q56,S56,Feriados!$J$2:$J$22)-1>=0,NETWORKDAYS(Q56,S56,Feriados!$J$2:$J$22)-1,"NO APLICA") -> NO APLICA | X56: =SUM(U56-TODAY()) -> -100 | AB56: NO
A57: 56 | B57: 31 | C57: =IF(ISERROR(VLOOKUP(I57,[1]DEP!$B$3:$E$583,1,FALSE)),"NO","SI") -> SI | D57: =IF(ISERROR(VLOOKUP(I57,[2]FRG!$S$19:$U$288,1,FALSE)),"NO","SI") -> SI | E57: =IF(ISERROR(VLOOKUP(I57,[3]DATOS_PREINVERSION!$O$3:$R$475,1,FALSE)),"NO","SI") -> SI | F57: LLANQUIHUE | G57: COCHAMO | H57: MUNICIPALIDAD COCHAMO | I57: 40003812 | J57: REEV CONSERVACION GIMNASIO MUNICIPAL DE RIO PUELO | K57: 480876000 | L57: Fabián Rutte | M57: OBSERVADO | N57: 46176 | P57: =IF(NETWORKDAYS(N57,O57,Feriados!$J$2:$J$22)-1>=0,NETWORKDAYS(N57,O57,Feriados!$J$2:$J$22)-1,"NO APLICA") -> NO APLICA | Q57: 46176 | R57: =+Q57+T57 -> 46186 | S57: 46197 | T57: 10 | U57: =WORKDAY(Q57,T57,Feriados!$J$2:$J$22) -> 46190 | V57: =+S57-Q57 -> 21 | W57: =IF(NETWORKDAYS(Q57,S57,Feriados!$J$2:$J$22)-1>=0,NETWORKDAYS(Q57,S57,Feriados!$J$2:$J$22)-1,"NO APLICA") -> 15 | X57: =SUM(U57-TODAY()) -> -106 | Y57: 3.086/26-10-2022 | Z57: DEPORTE CONSERVACION | AA57: 381 | AB57: SI
A58: 57 | B58: 29 | C58: =IF(ISERROR(VLOOKUP(I58,[1]DEP!$B$3:$E$583,1,FALSE)),"NO","SI") -> NO | D58: =IF(ISERROR(VLOOKUP(I58,[2]FRG!$S$19:$U$288,1,FALSE)),"NO","SI") -> NO | E58: =IF(ISERROR(VLOOKUP(I58,[3]DATOS_PREINVERSION!$O$3:$R$475,1,FALSE)),"NO","SI") -> SI | F58: CHILOÉ | G58: PUQUELDÓN | H58: MUNICIPALIDAD PUQUELDÓN | I58: 40079251 | J58: REPOSICION AMBULANCIA CESFAM PUQUELDON | K58: 155353000 | L58: Fabián Rutte | M58: EN EVALUACIÓN | N58: 46178 | O58: 46205 | P58: =IF(NETWORKDAYS(N58,O58,Feriados!$J$2:$J$22)-1>=0,NETWORKDAYS(N58,O58,Feriados!$J$2:$J$22)-1,"NO APLICA") -> 18 | Q58: 46272 | R58: =+Q58+T58 -> 46287 | S58: 46205 | T58: 15 | U58: =WORKDAY(Q58,T58,Feriados!$J$2:$J$22) -> 46294 | V58: =+S58-Q58 -> -67 | W58: =IF(NETWORKDAYS(Q58,S58,Feriados!$J$2:$J$22)-1>=0,NETWORKDAYS(Q58,S58,Feriados!$J$2:$J$22)-1,"NO APLICA") -> NO APLICA | X58: =SUM(U58-TODAY()) -> -2 | AB58: NO
A59: 58 | B59: 29 | C59: =IF(ISERROR(VLOOKUP(I59,[1]DEP!$B$3:$E$583,1,FALSE)),"NO","SI") -> NO | D59: =IF(ISERROR(VLOOKUP(I59,[2]FRG!$S$19:$U$288,1,FALSE)),"NO","SI") -> NO | E59: =IF(ISERROR(VLOOKUP(I59,[3]DATOS_PREINVERSION!$O$3:$R$475,1,FALSE)),"NO","SI") -> NO | F59: LLANQUIHUE | G59: MAULLÍN | H59: SERVICIO SALUD RELONCAVI | I59: 40072810 | J59: ADQUISICIÓN EQUIPO MAMÓGRAFO HOSPITAL DE MAULLIN | L59: Fabián Rutte | M59: FIRMA OBS | N59: 46178 | O59: 46199 | P59: =IF(NETWORKDAYS(N59,O59,Feriados!$J$2:$J$22)-1>=0,NETWORKDAYS(N59,O59,Feriados!$J$2:$J$22)-1,"NO APLICA") -> 15 | Q59: 46178 | R59: =+Q59+T59 -> 46193 | S59: 46199 | T59: 15 | U59: =WORKDAY(Q59,T59,Feriados!$J$2:$J$22) -> 46199 | V59: =+S59-Q59 -> 21 | W59: =IF(NETWORKDAYS(Q59,S59,Feriados!$J$2:$J$22)-1>=0,NETWORKDAYS(Q59,S59,Feriados!$J$2:$J$22)-1,"NO APLICA") -> 15 | X59: =SUM(U59-TODAY()) -> -97 | AB59: NO
A60: 59 | B60: 29 | C60: =IF(ISERROR(VLOOKUP(I60,[1]DEP!$B$3:$E$583,1,FALSE)),"NO","SI") -> NO | D60: =IF(ISERROR(VLOOKUP(I60,[2]FRG!$S$19:$U$288,1,FALSE)),"NO","SI") -> NO | E60: =IF(ISERROR(VLOOKUP(I60,[3]DATOS_PREINVERSION!$O$3:$R$475,1,FALSE)),"NO","SI") -> SI | F60: OSORNO | G60: PUYEHUE | H60: MUNICIPALIDAD PUYEHUE | I60: 40074173 | J60: REPOSICION AMBULANCIA EMERGENCIA BASICA CESFAM ENTRE LAGOS, COMUNA DE PUYEHUE | K60: 163863000 | L60: Fabián Rutte | M60: FIRMA OBS | N60: 46153 | O60: 46183 | P60: =IF(NETWORKDAYS(N60,O60,Feriados!$J$2:$J$22)-1>=0,NETWORKDAYS(N60,O60,Feriados!$J$2:$J$22)-1,"NO APLICA") -> 21 | Q60: 46255 | R60: =+Q60+T60 -> 46270 | S60: 46280 | T60: 15 | U60: =WORKDAY(Q60,T60,Feriados!$J$2:$J$22) -> 46276 | V60: =+S60-Q60 -> 25 | W60: =IF(NETWORKDAYS(Q60,S60,Feriados!$J$2:$J$22)-1>=0,NETWORKDAYS(Q60,S60,Feriados!$J$2:$J$22)-1,"NO APLICA") -> 17 | X60: =SUM(U60-TODAY()) -> -20 | AB60: NO
A61: 60 | B61: 31 | C61: =IF(ISERROR(VLOOKUP(I61,[1]DEP!$B$3:$E$583,1,FALSE)),"NO","SI") -> NO | D61: =IF(ISERROR(VLOOKUP(I61,[2]FRG!$S$19:$U$288,1,FALSE)),"NO","SI") -> NO | E61: =IF(ISERROR(VLOOKUP(I61,[3]DATOS_PREINVERSION!$O$3:$R$475,1,FALSE)),"NO","SI") -> SI | F61: PALENA | G61: CHAITÉN | H61: MUNICIPALIDAD CHAITÉN | I61: 40075367 | J61: CONSERVACION DE CAMINOS NO ENROLADOS SECTOR LOS TURBIOS COMUNA DE CHAITEN | L61: Fabián Rutte | M61: FIRMA OBS | N61: 46183 | O61: 46211 | P61: =IF(NETWORKDAYS(N61,O61,Feriados!$J$2:$J$22)-1>=0,NETWORKDAYS(N61,O61,Feriados!$J$2:$J$22)-1,"NO APLICA") -> 19 | Q61: 46183 | R61: =+Q61+T61 -> 46198 | S61: 46211 | T61: 15 | U61: =WORKDAY(Q61,T61,Feriados!$J$2:$J$22) -> 46205 | V61: =+S61-Q61 -> 28 | W61: =IF(NETWORKDAYS(Q61,S61,Feriados!$J$2:$J$22)-1>=0,NETWORKDAYS(Q61,S61,Feriados!$J$2:$J$22)-1,"NO APLICA") -> 19 | X61: =SUM(U61-TODAY()) -> -91 | AB61: NO | AC61: TRANSPORTE
A62: 61 | B62: 29 | C62: =IF(ISERROR(VLOOKUP(I62,[1]DEP!$B$3:$E$583,1,FALSE)),"NO","SI") -> NO | D62: =IF(ISERROR(VLOOKUP(I62,[2]FRG!$S$19:$U$288,1,FALSE)),"NO","SI") -> NO | E62: =IF(ISERROR(VLOOKUP(I62,[3]DATOS_PREINVERSION!$O$3:$R$475,1,FALSE)),"NO","SI") -> SI | F62: LLANQUIHUE | G62: FRESIA | H62: MUNICIPALIDAD FRESIA | I62: 40075366 | J62: ADQUISICION RODILLO, MINI CARGADOR Y REPOSICIÓN MOTONIVELADORA, COMUNA DE FRESIA | K62: 627151000 | L62: Fabián Rutte | M62: RT FIRMA | N62: 46190 | O62: 46224 | P62: =IF(NETWORKDAYS(N62,O62,Feriados!$J$2:$J$22)-1>=0,NETWORKDAYS(N62,O62,Feriados!$J$2:$J$22)-1,"NO APLICA") -> 22 | Q62: 46259 | R62: =+Q62+T62 -> 46274 | S62: 46287 | T62: 15 | U62: =WORKDAY(Q62,T62,Feriados!$J$2:$J$22) -> 46280 | V62: =+S62-Q62 -> 28 | W62: =IF(NETWORKDAYS(Q62,S62,Feriados!$J$2:$J$22)-1>=0,NETWORKDAYS(Q62,S62,Feriados!$J$2:$J$22)-1,"NO APLICA") -> 19 | X62: =SUM(U62-TODAY()) -> -16 | AB62: NO | AC62: TRANSPORTE
A63: 62 | B63: 29 | C63: =IF(ISERROR(VLOOKUP(I63,[1]DEP!$B$3:$E$583,1,FALSE)),"NO","SI") -> NO | D63: =IF(ISERROR(VLOOKUP(I63,[2]FRG!$S$19:$U$288,1,FALSE)),"NO","SI") -> NO | E63: =IF(ISERROR(VLOOKUP(I63,[3]DATOS_PREINVERSION!$O$3:$R$475,1,FALSE)),"NO","SI") -> SI | F63: CHILOÉ | G63: ANCUD | H63: MUNICIPALIDAD ANCUD | I63: 40081014 | J63: REPOSICION DE UNA AMBULANCIA , AEB CON EQUIPAMIENTO Y UN FURGON DE PASAJEROS PARA APS | K63: 159034000 | L63: Fabián Rutte | M63: FIRMA OBS | N63: 46190 | O63: 46225 | P63: =IF(NETWORKDAYS(N63,O63,Feriados!$J$2:$J$22)-1>=0,NETWORKDAYS(N63,O63,Feriados!$J$2:$J$22)-1,"NO APLICA") -> 23 | Q63: 46190 | R63: =+Q63+T63 -> 46205 | S63: 46225 | T63: 15 | U63: =WORKDAY(Q63,T63,Feriados!$J$2:$J$22) -> 46212 | V63: =+S63-Q63 -> 35 | W63: =IF(NETWORKDAYS(Q63,S63,Feriados!$J$2:$J$22)-1>=0,NETWORKDAYS(Q63,S63,Feriados!$J$2:$J$22)-1,"NO APLICA") -> 23 | X63: =SUM(U63-TODAY()) -> -84 | AB63: NO
A64: 63 | B64: 29 | C64: =IF(ISERROR(VLOOKUP(I64,[1]DEP!$B$3:$E$583,1,FALSE)),"NO","SI") -> NO | D64: =IF(ISERROR(VLOOKUP(I64,[2]FRG!$S$19:$U$288,1,FALSE)),"NO","SI") -> NO | E64: =IF(ISERROR(VLOOKUP(I64,[3]DATOS_PREINVERSION!$O$3:$R$475,1,FALSE)),"NO","SI") -> SI | F64: LLANQUIHUE | G64: FRUTILLAR | H64: MUNICIPALIDAD FRUTILLAR | I64: 40071974 | J64: CONSERVACION CALLES URBANAS FRUTILLAR ALTO Y FRUTILLAR BAJO, COMUNA DE FRUTILLAR | K64: 262063000 | L64: Fabián Rutte | M64: FIRMA OBS | N64: 46185 | O64: 46211 | P64: =IF(NETWORKDAYS(N64,O64,Feriados!$J$2:$J$22)-1>=0,NETWORKDAYS(N64,O64,Feriados!$J$2:$J$22)-1,"NO APLICA") -> 17 | Q64: 46255 | R64: =+Q64+T64 -> 46270 | S64: 46295 | T64: 15 | U64: =WORKDAY(Q64,T64,Feriados!$J$2:$J$22) -> 46276 | V64: =+S64-Q64 -> 40 | W64: =IF(NETWORKDAYS(Q64,S64,Feriados!$J$2:$J$22)-1>=0,NETWORKDAYS(Q64,S64,Feriados!$J$2:$J$22)-1,"NO APLICA") -> 27 | X64: =SUM(U64-TODAY()) -> -20 | AB64: NO
A65: 64 | B65: 29 | C65: =IF(ISERROR(VLOOKUP(I65,[1]DEP!$B$3:$E$583,1,FALSE)),"NO","SI") -> NO | D65: =IF(ISERROR(VLOOKUP(I65,[2]FRG!$S$19:$U$288,1,FALSE)),"NO","SI") -> NO | E65: =IF(ISERROR(VLOOKUP(I65,[3]DATOS_PREINVERSION!$O$3:$R$475,1,FALSE)),"NO","SI") -> SI | F65: CHILOÉ | G65: DALCAHUE | H65: MUNICIPALIDAD DALCAHUE | I65: 40079038 | J65: REPOSICION MAQUINARIA PARA DEPTO. OPERACIONES MUNICIPALIDAD DALCAHUE | K65: 948811000 | L65: Fabián Rutte | M65: RT FIRMA | N65: 46185 | O65: 46204 | P65: =IF(NETWORKDAYS(N65,O65,Feriados!$J$2:$J$22)-1>=0,NETWORKDAYS(N65,O65,Feriados!$J$2:$J$22)-1,"NO APLICA") -> 12 | Q65: 46246 | R65: =+Q65+T65 -> 46261 | S65: 46279 | T65: 15 | U65: =WORKDAY(Q65,T65,Feriados!$J$2:$J$22) -> 46267 | V65: =+S65-Q65 -> 33 | W65: =IF(NETWORKDAYS(Q65,S65,Feriados!$J$2:$J$22)-1>=0,NETWORKDAYS(Q65,S65,Feriados!$J$2:$J$22)-1,"NO APLICA") -> 23 | X65: =SUM(U65-TODAY()) -> -29 | AB65: NO
A66: 65 | B66: 29 | C66: =IF(ISERROR(VLOOKUP(I66,[1]DEP!$B$3:$E$583,1,FALSE)),"NO","SI") -> NO | D66: =IF(ISERROR(VLOOKUP(I66,[2]FRG!$S$19:$U$288,1,FALSE)),"NO","SI") -> SI | E66: =IF(ISERROR(VLOOKUP(I66,[3]DATOS_PREINVERSION!$O$3:$R$475,1,FALSE)),"NO","SI") -> NO | F66: PALENA | G66: CHAITÉN | H66: MUNICIPALIDAD CHAITÉN | I66: 40058788 | J66: REEV REPOSICION AMBULANCIAS COMUNA DE CHAITEN | K66: 172000000 | L66: Fabián Rutte | M66: CUMPLE RT | N66: 46188 | P66: =IF(NETWORKDAYS(N66,O66,Feriados!$J$2:$J$22)-1>=0,NETWORKDAYS(N66,O66,Feriados!$J$2:$J$22)-1,"NO APLICA") -> NO APLICA | Q66: 46188 | R66: =+Q66+T66 -> 46198 | S66: 46195 | T66: 10 | U66: =WORKDAY(Q66,T66,Feriados!$J$2:$J$22) -> 46203 | V66: =+S66-Q66 -> 7 | W66: =IF(NETWORKDAYS(Q66,S66,Feriados!$J$2:$J$22)-1>=0,NETWORKDAYS(Q66,S66,Feriados!$J$2:$J$22)-1,"NO APLICA") -> 5 | X66: =SUM(U66-TODAY()) -> -93 | Y66: 2.550/18-10-2024 | Z66: AMBULANCIAS | AB66: SI
A67: 66 | B67: 29 | C67: =IF(ISERROR(VLOOKUP(I67,[1]DEP!$B$3:$E$583,1,FALSE)),"NO","SI") -> NO | D67: =IF(ISERROR(VLOOKUP(I67,[2]FRG!$S$19:$U$288,1,FALSE)),"NO","SI") -> SI | E67: =IF(ISERROR(VLOOKUP(I67,[3]DATOS_PREINVERSION!$O$3:$R$475,1,FALSE)),"NO","SI") -> NO | F67: REGIONAL | G67: REGIONAL | H67: CARABINEROS X ZONA | I67: 40058220 | J67: REEV ADQUISICION DE AERONAVES REMOTAMENTE PILOTADAS PARA LA ZONA CARABINEROS LOS LAGOS | K67: 244867000 | L67: Fabián Rutte | M67: CUMPLE RT | P67: =IF(NETWORKDAYS(N67,O67,Feriados!$J$2:$J$22)-1>=0,NETWORKDAYS(N67,O67,Feriados!$J$2:$J$22)-1,"NO APLICA") -> NO APLICA | Q67: 46205 | R67: =+Q67+T67 -> 46215 | S67: 46209 | T67: 10 | U67: =WORKDAY(Q67,T67,Feriados!$J$2:$J$22) -> 46220 | V67: =+S67-Q67 -> 4 | W67: =IF(NETWORKDAYS(Q67,S67,Feriados!$J$2:$J$22)-1>=0,NETWORKDAYS(Q67,S67,Feriados!$J$2:$J$22)-1,"NO APLICA") -> 2 | X67: =SUM(U67-TODAY()) -> -76 | Y67: 2.505/16-10-2024 | Z67: DRONES | AB67: SI
A68: 67 | B68: 29 | C68: =IF(ISERROR(VLOOKUP(I68,[1]DEP!$B$3:$E$583,1,FALSE)),"NO","SI") -> NO | D68: =IF(ISERROR(VLOOKUP(I68,[2]FRG!$S$19:$U$288,1,FALSE)),"NO","SI") -> NO | E68: =IF(ISERROR(VLOOKUP(I68,[3]DATOS_PREINVERSION!$O$3:$R$475,1,FALSE)),"NO","SI") -> NO | F68: OSORNO | G68: SAN JUAN DE LA COSTA | H68: MUNICIPALIDAD SAN JUAN DE LA COSTA | I68: 40066529 | J68: REEV ADQUISICION CAMION RECOLECTOR RSD SAN JUAN DE LA COSTA | K68: 250000000 | L68: Fabián Rutte | M68: RT FIRMA | N68: 46197 | O68: 46245 | P68: =IF(NETWORKDAYS(N68,O68,Feriados!$J$2:$J$22)-1>=0,NETWORKDAYS(N68,O68,Feriados!$J$2:$J$22)-1,"NO APLICA") -> 32 | Q68: 46230 | R68: =+Q68+T68 -> 46240 | S68: 46245 | T68: 10 | U68: =WORKDAY(Q68,T68,Feriados!$J$2:$J$22) -> 46244 | V68: =+S68-Q68 -> 15 | W68: =IF(NETWORKDAYS(Q68,S68,Feriados!$J$2:$J$22)-1>=0,NETWORKDAYS(Q68,S68,Feriados!$J$2:$J$22)-1,"NO APLICA") -> 11 | X68: =SUM(U68-TODAY()) -> -52 | Y68: 1.753/28-07-2025 | Z68: CAMIONES RSD | AB68: SI | AC68: RECURSOS NATURALES Y MEDIO AMBIENTE / MEDIO AMBIENTE
A69: 68 | B69: 29 | C69: =IF(ISERROR(VLOOKUP(I69,[1]DEP!$B$3:$E$583,1,FALSE)),"NO","SI") -> NO | D69: =IF(ISERROR(VLOOKUP(I69,[2]FRG!$S$19:$U$288,1,FALSE)),"NO","SI") -> NO | E69: =IF(ISERROR(VLOOKUP(I69,[3]DATOS_PREINVERSION!$O$3:$R$475,1,FALSE)),"NO","SI") -> SI | F69: OSORNO | G69: SAN JUAN DE LA COSTA | H69: MUNICIPALIDAD SAN JUAN DE LA COSTA | I69: 40081090 | J69: ADQUISICION RETROEXCAVADORA Y CAMIÓN TOLVA OFICINA CAMINOS Y PUENTES, SAN JUAN DE LA COSTA | L69: Fabián Rutte | M69: EN EVALUACIÓN | N69: 46199 | O69: 46227 | P69: =IF(NETWORKDAYS(N69,O69,Feriados!$J$2:$J$22)-1>=0,NETWORKDAYS(N69,O69,Feriados!$J$2:$J$22)-1,"NO APLICA") -> 18 | Q69: 46268 | R69: =+Q69+T69 -> 46283 | S69: 46227 | T69: 15 | U69: =WORKDAY(Q69,T69,Feriados!$J$2:$J$22) -> 46290 | V69: =+S69-Q69 -> -41 | W69: =IF(NETWORKDAYS(Q69,S69,Feriados!$J$2:$J$22)-1>=0,NETWORKDAYS(Q69,S69,Feriados!$J$2:$J$22)-1,"NO APLICA") -> NO APLICA | X69: =SUM(U69-TODAY()) -> -6 | AB69: NO
A70: 70 | B70: 29 | C70: =IF(ISERROR(VLOOKUP(I70,[1]DEP!$B$3:$E$583,1,FALSE)),"NO","SI") -> NO | D70: =IF(ISERROR(VLOOKUP(I70,[2]FRG!$S$19:$U$288,1,FALSE)),"NO","SI") -> NO | E70: =IF(ISERROR(VLOOKUP(I70,[3]DATOS_PREINVERSION!$O$3:$R$475,1,FALSE)),"NO","SI") -> SI | F70: OSORNO | G70: PUYEHUE | H70: SERVICIO SALUD OSORNO | I70: 40081394 | J70: ADQUISICION MAMOGRAFO PARA LA COMUNA DE PUYEHUE | K70: 208250000 | L70: Fabián Rutte | M70: OBSERVADO | N70: 46203 | O70: 46233 | P70: =IF(NETWORKDAYS(N70,O70,Feriados!$J$2:$J$22)-1>=0,NETWORKDAYS(N70,O70,Feriados!$J$2:$J$22)-1,"NO APLICA") -> 21 | Q70: 46203 | R70: =+Q70+T70 -> 46218 | S70: 46233 | T70: 15 | U70: =WORKDAY(Q70,T70,Feriados!$J$2:$J$22) -> 46225 | V70: =+S70-Q70 -> 30 | W70: =IF(NETWORKDAYS(Q70,S70,Feriados!$J$2:$J$22)-1>=0,NETWORKDAYS(Q70,S70,Feriados!$J$2:$J$22)-1,"NO APLICA") -> 21 | X70: =SUM(U70-TODAY()) -> -71 | AB70: NO
A71: 71 | B71: 29 | C71: =IF(ISERROR(VLOOKUP(I71,[1]DEP!$B$3:$E$583,1,FALSE)),"NO","SI") -> NO | D71: =IF(ISERROR(VLOOKUP(I71,[2]FRG!$S$19:$U$288,1,FALSE)),"NO","SI") -> NO | E71: =IF(ISERROR(VLOOKUP(I71,[3]DATOS_PREINVERSION!$O$3:$R$475,1,FALSE)),"NO","SI") -> SI | F71: OSORNO | G71: PUERTO OCTAY | H71: SERVICIO SALUD OSORNO | I71: 40081395 | J71: ADQUISICION MAMOGRAFO PARA LA COMUNA DE PUERTO OCTAY | K71: 208250000 | L71: Fabián Rutte | M71: FIRMA OBS | N71: 46203 | O71: 46244 | P71: =IF(NETWORKDAYS(N71,O71,Feriados!$J$2:$J$22)-1>=0,NETWORKDAYS(N71,O71,Feriados!$J$2:$J$22)-1,"NO APLICA") -> 28 | Q71: 46203 | R71: =+Q71+T71 -> 46218 | S71: 46244 | T71: 15 | U71: =WORKDAY(Q71,T71,Feriados!$J$2:$J$22) -> 46225 | V71: =+S71-Q71 -> 41 | W71: =IF(NETWORKDAYS(Q71,S71,Feriados!$J$2:$J$22)-1>=0,NETWORKDAYS(Q71,S71,Feriados!$J$2:$J$22)-1,"NO APLICA") -> 28 | X71: =SUM(U71-TODAY()) -> -71 | AB71: NO
A72: 72 | B72: 29 | C72: =IF(ISERROR(VLOOKUP(I72,[1]DEP!$B$3:$E$583,1,FALSE)),"NO","SI") -> NO | D72: =IF(ISERROR(VLOOKUP(I72,[2]FRG!$S$19:$U$288,1,FALSE)),"NO","SI") -> NO | E72: =IF(ISERROR(VLOOKUP(I72,[3]DATOS_PREINVERSION!$O$3:$R$475,1,FALSE)),"NO","SI") -> SI | F72: OSORNO | G72: OSORNO | H72: SERVICIO SALUD OSORNO | I72: 40081397 | J72: REPOSICION MAMOGRAFO CENTRO DE REFERENCIA Y DIAGNOSTICO DE OSORNO | K72: 286139000 | L72: Fabián Rutte | M72: FIRMA OBS | N72: 46203 | O72: 46253 | P72: =IF(NETWORKDAYS(N72,O72,Feriados!$J$2:$J$22)-1>=0,NETWORKDAYS(N72,O72,Feriados!$J$2:$J$22)-1,"NO APLICA") -> 35 | Q72: 46203 | R72: =+Q72+T72 -> 46218 | S72: 46253 | T72: 15 | U72: =WORKDAY(Q72,T72,Feriados!$J$2:$J$22) -> 46225 | V72: =+S72-Q72 -> 50 | W72: =IF(NETWORKDAYS(Q72,S72,Feriados!$J$2:$J$22)-1>=0,NETWORKDAYS(Q72,S72,Feriados!$J$2:$J$22)-1,"NO APLICA") -> 35 | X72: =SUM(U72-TODAY()) -> -71 | AB72: NO
A73: 73 | B73: 29 | C73: =IF(ISERROR(VLOOKUP(I73,[1]DEP!$B$3:$E$583,1,FALSE)),"NO","SI") -> NO | D73: =IF(ISERROR(VLOOKUP(I73,[2]FRG!$S$19:$U$288,1,FALSE)),"NO","SI") -> NO | E73: =IF(ISERROR(VLOOKUP(I73,[3]DATOS_PREINVERSION!$O$3:$R$475,1,FALSE)),"NO","SI") -> NO | F73: CHILOÉ | G73: CASTRO | H73: SERVICIO SALUD CHILOÉ | I73: 40081412 | J73: ADQUISICION EQUIPOS PARA LABORATORIO DE CITOPATOLOGÍA GINECOLÓGICA HOSPITAL DE CASTRO | K73: 509183000 | L73: Fabián Rutte | M73: FIRMA OBS | N73: 46203 | O73: 46240 | P73: =IF(NETWORKDAYS(N73,O73,Feriados!$J$2:$J$22)-1>=0,NETWORKDAYS(N73,O73,Feriados!$J$2:$J$22)-1,"NO APLICA") -> 26 | Q73: 46203 | R73: =+Q73+T73 -> 46218 | S73: 46240 | T73: 15 | U73: =WORKDAY(Q73,T73,Feriados!$J$2:$J$22) -> 46225 | V73: =+S73-Q73 -> 37 | W73: =IF(NETWORKDAYS(Q73,S73,Feriados!$J$2:$J$22)-1>=0,NETWORKDAYS(Q73,S73,Feriados!$J$2:$J$22)-1,"NO APLICA") -> 26 | X73: =SUM(U73-TODAY()) -> -71 | AB73: NO
A74: 74 | B74: 29 | C74: =IF(ISERROR(VLOOKUP(I74,[1]DEP!$B$3:$E$583,1,FALSE)),"NO","SI") -> NO | D74: =IF(ISERROR(VLOOKUP(I74,[2]FRG!$S$19:$U$288,1,FALSE)),"NO","SI") -> NO | E74: =IF(ISERROR(VLOOKUP(I74,[3]DATOS_PREINVERSION!$O$3:$R$475,1,FALSE)),"NO","SI") -> SI | F74: LLANQUIHUE | G74: LOS MUERMOS | H74: MUNICIPALIDAD LOS MUERMOS | I74: 40058484 | J74: REPOSICION CAMIONES RECOLECTORES DE BASURA Y ADQUISICIÓN CONTENEDORES, LOS MUERMOS | K74: 612767000 | L74: Fabián Rutte | M74: EN EVALUACIÓN | N74: 46210 | O74: 46252 | P74: =IF(NETWORKDAYS(N74,O74,Feriados!$J$2:$J$22)-1>=0,NETWORKDAYS(N74,O74,Feriados!$J$2:$J$22)-1,"NO APLICA") -> 29 | Q74: 46279 | R74: =+Q74+T74 -> 46294 | S74: 46252 | T74: 15 | U74: =WORKDAY(Q74,T74,Feriados!$J$2:$J$22) -> 46301 | V74: =+S74-Q74 -> -27 | W74: =IF(NETWORKDAYS(Q74,S74,Feriados!$J$2:$J$22)-1>=0,NETWORKDAYS(Q74,S74,Feriados!$J$2:$J$22)-1,"NO APLICA") -> NO APLICA | X74: =SUM(U74-TODAY()) -> 5 | Z74: RSD CAMIÓN Y CONTENEDOR | AB74: NO
A75: 75 | B75: 29 | C75: =IF(ISERROR(VLOOKUP(I75,[1]DEP!$B$3:$E$583,1,FALSE)),"NO","SI") -> NO | D75: =IF(ISERROR(VLOOKUP(I75,[2]FRG!$S$19:$U$288,1,FALSE)),"NO","SI") -> NO | E75: =IF(ISERROR(VLOOKUP(I75,[3]DATOS_PREINVERSION!$O$3:$R$475,1,FALSE)),"NO","SI") -> SI | F75: CHILOE | G75: CURACO DE VÉLEZ | H75: MUNICIPALIDAD CURACO DE VÉLEZ | I75: 40050856 | J75: ADQUISICION DE UN CAMIÓN MULTIPROPÓSITO, CURACO DE VÉLEZ | K75: 481375000 | L75: Fabián Rutte | M75: EN EVALUACIÓN | N75: 46210 | O75: 46251 | P75: =IF(NETWORKDAYS(N75,O75,Feriados!$J$2:$J$22)-1>=0,NETWORKDAYS(N75,O75,Feriados!$J$2:$J$22)-1,"NO APLICA") -> 28 | Q75: 46289 | R75: =+Q75+T75 -> 46304 | S75: 46280 | T75: 15 | U75: =WORKDAY(Q75,T75,Feriados!$J$2:$J$22) -> 46311 | V75: =+S75-Q75 -> -9 | W75: =IF(NETWORKDAYS(Q75,S75,Feriados!$J$2:$J$22)-1>=0,NETWORKDAYS(Q75,S75,Feriados!$J$2:$J$22)-1,"NO APLICA") -> NO APLICA | X75: =SUM(U75-TODAY()) -> 15 | Y75: 4.032/30-10-2023 | Z75: MULTIPROPOSITO | AA75: 3339 | AB75: NO
A76: 76 | B76: 29 | C76: =IF(ISERROR(VLOOKUP(I76,[1]DEP!$B$3:$E$583,1,FALSE)),"NO","SI") -> NO | D76: =IF(ISERROR(VLOOKUP(I76,[2]FRG!$S$19:$U$288,1,FALSE)),"NO","SI") -> NO | E76: =IF(ISERROR(VLOOKUP(I76,[3]DATOS_PREINVERSION!$O$3:$R$475,1,FALSE)),"NO","SI") -> NO | F76: OSORNO | G76: PURRANQUE | H76: MUNICIPALIDAD PURRANQUE | I76: 40074484 | J76: REPOSICION CAMIONES COMPACTADORES PARA LA RECOLECCIÓN DE RSD,COMUNA DE PURRANQUE | K76: 534737000 | L76: Fabián Rutte | M76: FIRMA OBS | N76: 46216 | O76: 46258 | P76: =IF(NETWORKDAYS(N76,O76,Feriados!$J$2:$J$22)-1>=0,NETWORKDAYS(N76,O76,Feriados!$J$2:$J$22)-1,"NO APLICA") -> 29 | Q76: 46216 | R76: =+Q76+T76 -> 46231 | S76: 46258 | T76: 15 | U76: =WORKDAY(Q76,T76,Feriados!$J$2:$J$22) -> 46238 | V76: =+S76-Q76 -> 42 | W76: =IF(NETWORKDAYS(Q76,S76,Feriados!$J$2:$J$22)-1>=0,NETWORKDAYS(Q76,S76,Feriados!$J$2:$J$22)-1,"NO APLICA") -> 29 | X76: =SUM(U76-TODAY()) -> -58 | Z76: CAMIONES RSD | AB76: NO
A77: 77 | B77: 29 | C77: =IF(ISERROR(VLOOKUP(I77,[1]DEP!$B$3:$E$583,1,FALSE)),"NO","SI") -> NO | D77: =IF(ISERROR(VLOOKUP(I77,[2]FRG!$S$19:$U$288,1,FALSE)),"NO","SI") -> SI | E77: =IF(ISERROR(VLOOKUP(I77,[3]DATOS_PREINVERSION!$O$3:$R$475,1,FALSE)),"NO","SI") -> SI | F77: LLANQUIHUE | G77: PUERTO MONTT | H77: SERVICIO SALUD RELONCAVI | I77: 40046863 | J77: REEV REPOSICION EQUIPAMIENTO SERVICIOS DE HOSPITALIZACIÓN HOSPITAL PUERTO MONTT, SERVICIO DE SALUD DEL RELONCAVÍ | K77: 2208718280 | L77: Fabián Rutte | M77: FIRMA OBS | P77: =IF(NETWORKDAYS(N77,O77,Feriados!$J$2:$J$22)-1>=0,NETWORKDAYS(N77,O77,Feriados!$J$2:$J$22)-1,"NO APLICA") -> NO APLICA | Q77: 46226 | R77: =+Q77+T77 -> 46236 | S77: 46253 | T77: 10 | U77: =WORKDAY(Q77,T77,Feriados!$J$2:$J$22) -> 46240 | V77: =+S77-Q77 -> 27 | W77: =IF(NETWORKDAYS(Q77,S77,Feriados!$J$2:$J$22)-1>=0,NETWORKDAYS(Q77,S77,Feriados!$J$2:$J$22)-1,"NO APLICA") -> 19 | X77: =SUM(U77-TODAY()) -> -56 | Y77: 3.200/04-11-2022 | Z77: EQ. SALUD | AA77: 397983 | AB77: SI
A78: 78 | B78: 29 | C78: =IF(ISERROR(VLOOKUP(I78,[1]DEP!$B$3:$E$583,1,FALSE)),"NO","SI") -> NO | D78: =IF(ISERROR(VLOOKUP(I78,[2]FRG!$S$19:$U$288,1,FALSE)),"NO","SI") -> NO | E78: =IF(ISERROR(VLOOKUP(I78,[3]DATOS_PREINVERSION!$O$3:$R$475,1,FALSE)),"NO","SI") -> NO | F78: PALENA | G78: PROVINCIAL | H78: SERVICIO SALUD RELONCAVI | I78: 40071986 | J78: REPOSICION DE 3 AMBULANCIAS DE EMERGENCIA BASICA HOSP PALENA, FUTALEUFU Y CONS rIO NEGRO H. | K78: 503099000 | L78: Fabián Rutte | M78: EN EVALUACIÓN | N78: 46206 | O78: 46245 | P78: =IF(NETWORKDAYS(N78,O78,Feriados!$J$2:$J$22)-1>=0,NETWORKDAYS(N78,O78,Feriados!$J$2:$J$22)-1,"NO APLICA") -> 26 | Q78: 46288 | R78: =+Q78+T78 -> 46303 | S78: 46245 | T78: 15 | U78: =WORKDAY(Q78,T78,Feriados!$J$2:$J$22) -> 46310 | V78: =+S78-Q78 -> -43 | W78: =IF(NETWORKDAYS(Q78,S78,Feriados!$J$2:$J$22)-1>=0,NETWORKDAYS(Q78,S78,Feriados!$J$2:$J$22)-1,"NO APLICA") -> NO APLICA | X78: =SUM(U78-TODAY()) -> 14 | AB78: NO | AC78: SALUD
A79: 79 | B79: 31 | C79: =IF(ISERROR(VLOOKUP(I79,[1]DEP!$B$3:$E$583,1,FALSE)),"NO","SI") -> NO | D79: =IF(ISERROR(VLOOKUP(I79,[2]FRG!$S$19:$U$288,1,FALSE)),"NO","SI") -> NO | E79: =IF(ISERROR(VLOOKUP(I79,[3]DATOS_PREINVERSION!$O$3:$R$475,1,FALSE)),"NO","SI") -> SI | F79: OSORNO | G79: SAN JUAN DE LA COSTA | H79: MUNICIPALIDAD SAN JUAN DE LA COSTA | I79: 40071304 | J79: CONSERVACION CAMINOS NO ENROLADOS MAICOLPI Y OTROS SECTORES, SAN JUAN DE LA COSTA | K79: 529672000 | L79: Fabián Rutte | M79: FIRMA OBS | N79: 46217 | O79: 46260 | P79: =IF(NETWORKDAYS(N79,O79,Feriados!$J$2:$J$22)-1>=0,NETWORKDAYS(N79,O79,Feriados!$J$2:$J$22)-1,"NO APLICA") -> 30 | Q79: 46217 | R79: =+Q79+T79 -> 46232 | S79: 46260 | T79: 15 | U79: =WORKDAY(Q79,T79,Feriados!$J$2:$J$22) -> 46239 | V79: =+S79-Q79 -> 43 | W79: =IF(NETWORKDAYS(Q79,S79,Feriados!$J$2:$J$22)-1>=0,NETWORKDAYS(Q79,S79,Feriados!$J$2:$J$22)-1,"NO APLICA") -> 30 | X79: =SUM(U79-TODAY()) -> -57 | AB79: NO | AC79: TRANSPORTE
A80: 80 | B80: 29 | C80: =IF(ISERROR(VLOOKUP(I80,[1]DEP!$B$3:$E$583,1,FALSE)),"NO","SI") -> NO | D80: =IF(ISERROR(VLOOKUP(I80,[2]FRG!$S$19:$U$288,1,FALSE)),"NO","SI") -> NO | E80: =IF(ISERROR(VLOOKUP(I80,[3]DATOS_PREINVERSION!$O$3:$R$475,1,FALSE)),"NO","SI") -> SI | F80: LLANQUIHUE | G80: MAULLÍN | H80: MUNICIPALIDAD MAULLÍN | I80: 40054428 | J80: REPOSICION CAMIÓN RECOLECTOR DE RESIDUOS SÓLIDOS DOMICILIARIOS, COMUNA DE MAULLÍN | K80: 236096000 | L80: Fabián Rutte | M80: EN EVALUACIÓN | N80: 46230 | O80: 46262 | P80: =IF(NETWORKDAYS(N80,O80,Feriados!$J$2:$J$22)-1>=0,NETWORKDAYS(N80,O80,Feriados!$J$2:$J$22)-1,"NO APLICA") -> 24 | Q80: 46289 | R80: =+Q80+T80 -> 46304 | S80: 46262 | T80: 15 | U80: =WORKDAY(Q80,T80,Feriados!$J$2:$J$22) -> 46311 | V80: =+S80-Q80 -> -27 | W80: =IF(NETWORKDAYS(Q80,S80,Feriados!$J$2:$J$22)-1>=0,NETWORKDAYS(Q80,S80,Feriados!$J$2:$J$22)-1,"NO APLICA") -> NO APLICA | X80: =SUM(U80-TODAY()) -> 15 | Z80: CAMIONES RSD | AB80: NO | AC80: RECURSOS NATURALES Y MEDIO AMBIENTE / MEDIO AMBIENTE
A81: 81 | B81: 31 | C81: =IF(ISERROR(VLOOKUP(I81,[1]DEP!$B$3:$E$583,1,FALSE)),"NO","SI") -> NO | D81: =IF(ISERROR(VLOOKUP(I81,[2]FRG!$S$19:$U$288,1,FALSE)),"NO","SI") -> NO | E81: =IF(ISERROR(VLOOKUP(I81,[3]DATOS_PREINVERSION!$O$3:$R$475,1,FALSE)),"NO","SI") -> NO | F81: CHILOE | G81: PUQUELDÓN | H81: MUNICIPALIDAD PUQUELDÓN | I81: 40079253 | J81: ADQUISICION DE BUS PARA APOYO DE ACTIVIDADES PERSONAS MAYORES | K81: 191684000 | L81: Fabián Rutte | M81: FIRMA OBS | N81: 46238 | O81: 46272 | P81: =IF(NETWORKDAYS(N81,O81,Feriados!$J$2:$J$22)-1>=0,NETWORKDAYS(N81,O81,Feriados!$J$2:$J$22)-1,"NO APLICA") -> 24 | Q81: 46238 | R81: =+Q81+T81 -> 46253 | S81: 46272 | T81: 15 | U81: =WORKDAY(Q81,T81,Feriados!$J$2:$J$22) -> 46259 | V81: =+S81-Q81 -> 34 | W81: =IF(NETWORKDAYS(Q81,S81,Feriados!$J$2:$J$22)-1>=0,NETWORKDAYS(Q81,S81,Feriados!$J$2:$J$22)-1,"NO APLICA") -> 24 | X81: =SUM(U81-TODAY()) -> -37 | AB81: NO | AC81: MULTISECTORIAL
A82: 82 | B82: 31 | C82: =IF(ISERROR(VLOOKUP(I82,[1]DEP!$B$3:$E$583,1,FALSE)),"NO","SI") -> NO | D82: =IF(ISERROR(VLOOKUP(I82,[2]FRG!$S$19:$U$288,1,FALSE)),"NO","SI") -> NO | E82: =IF(ISERROR(VLOOKUP(I82,[3]DATOS_PREINVERSION!$O$3:$R$475,1,FALSE)),"NO","SI") -> SI | F82: OSORNO | G82: OSORNO | H82: MUNICIPALIDAD OSORNO | I82: 40079141 | J82: CONSERVACION TERMINAL DE BUSES OSORNO | L82: Fabián Rutte | M82: EN EVALUACIÓN | N82: 46237 | O82: 46267 | P82: =IF(NETWORKDAYS(N82,O82,Feriados!$J$2:$J$22)-1>=0,NETWORKDAYS(N82,O82,Feriados!$J$2:$J$22)-1,"NO APLICA") -> 22 | Q82: 46295 | R82: =+Q82+T82 -> 46310 | S82: 46267 | T82: 15 | U82: =WORKDAY(Q82,T82,Feriados!$J$2:$J$22) -> 46317 | V82: =+S82-Q82 -> -28 | W82: =IF(NETWORKDAYS(Q82,S82,Feriados!$J$2:$J$22)-1>=0,NETWORKDAYS(Q82,S82,Feriados!$J$2:$J$22)-1,"NO APLICA") -> NO APLICA | X82: =SUM(U82-TODAY()) -> 21 | AB82: NO | AC82: TRANSPORTE
A83: 83 | B83: 29 | C83: =IF(ISERROR(VLOOKUP(I83,[1]DEP!$B$3:$E$583,1,FALSE)),"NO","SI") -> NO | D83: =IF(ISERROR(VLOOKUP(I83,[2]FRG!$S$19:$U$288,1,FALSE)),"NO","SI") -> NO | E83: =IF(ISERROR(VLOOKUP(I83,[3]DATOS_PREINVERSION!$O$3:$R$475,1,FALSE)),"NO","SI") -> NO | F83: X REGION | G83: X REGION | H83: REGION POLICIAL LOS LAGOS PDI | I83: 40081681 | J83: ADQUISICION VEHÍCULOS BLINDADOS - PDI REGIÓN DE LOS LAGOS | K83: 515436000 | L83: Fabián Rutte | M83: FIRMA OBS | N83: 46224 | O83: 46259 | P83: =IF(NETWORKDAYS(N83,O83,Feriados!$J$2:$J$22)-1>=0,NETWORKDAYS(N83,O83,Feriados!$J$2:$J$22)-1,"NO APLICA") -> 25 | Q83: 46224 | R83: =+Q83+T83 -> 46239 | S83: 46259 | T83: 15 | U83: =WORKDAY(Q83,T83,Feriados!$J$2:$J$22) -> 46245 | V83: =+S83-Q83 -> 35 | W83: =IF(NETWORKDAYS(Q83,S83,Feriados!$J$2:$J$22)-1>=0,NETWORKDAYS(Q83,S83,Feriados!$J$2:$J$22)-1,"NO APLICA") -> 25 | X83: =SUM(U83-TODAY()) -> -51 | AB83: NO
A84: 84 | B84: 29 | C84: =IF(ISERROR(VLOOKUP(I84,[1]DEP!$B$3:$E$583,1,FALSE)),"NO","SI") -> NO | D84: =IF(ISERROR(VLOOKUP(I84,[2]FRG!$S$19:$U$288,1,FALSE)),"NO","SI") -> NO | E84: =IF(ISERROR(VLOOKUP(I84,[3]DATOS_PREINVERSION!$O$3:$R$475,1,FALSE)),"NO","SI") -> SI | F84: LLANQUIHUE | G84: CALBUCO | H84: MUNICIPALIDAD CALBUCO | I84: 40072782 | J84: REPOSICION DE MAQUINARIAS CONSERVACIÓN RED VIAL, COMUNA DE CALBUCO | K84: 836162000 | L84: Fabián Rutte | M84: FIRMA OBS | N84: 46244 | O84: 46275 | P84: =IF(NETWORKDAYS(N84,O84,Feriados!$J$2:$J$22)-1>=0,NETWORKDAYS(N84,O84,Feriados!$J$2:$J$22)-1,"NO APLICA") -> 23 | Q84: 46244 | R84: =+Q84+T84 -> 46259 | S84: 46275 | T84: 15 | U84: =WORKDAY(Q84,T84,Feriados!$J$2:$J$22) -> 46265 | V84: =+S84-Q84 -> 31 | W84: =IF(NETWORKDAYS(Q84,S84,Feriados!$J$2:$J$22)-1>=0,NETWORKDAYS(Q84,S84,Feriados!$J$2:$J$22)-1,"NO APLICA") -> 23 | X84: =SUM(U84-TODAY()) -> -31 | AB84: NO
A85: 85 | B85: 22 | C85: =IF(ISERROR(VLOOKUP(I85,[1]DEP!$B$3:$E$583,1,FALSE)),"NO","SI") -> NO | D85: =IF(ISERROR(VLOOKUP(I85,[2]FRG!$S$19:$U$288,1,FALSE)),"NO","SI") -> NO | E85: =IF(ISERROR(VLOOKUP(I85,[3]DATOS_PREINVERSION!$O$3:$R$475,1,FALSE)),"NO","SI") -> SI | F85: X REGION | G85: X REGION | H85: GORE LOS LAGOS | I85: 40073955 | J85: REEV ACTUALIZACION DISEÑO DE INDICADORES Y METAS PARA EL SEGUIMIENTO DEL PARCC LOS LAGOS | K85: 100000000 | L85: Fabián Rutte | M85: RT FIRMA | P85: =IF(NETWORKDAYS(N85,O85,Feriados!$J$2:$J$22)-1>=0,NETWORKDAYS(N85,O85,Feriados!$J$2:$J$22)-1,"NO APLICA") -> NO APLICA | Q85: 46241 | R85: =+Q85+T85 -> 46251 | S85: 46262 | T85: 10 | U85: =WORKDAY(Q85,T85,Feriados!$J$2:$J$22) -> 46255 | V85: 7 | W85: 4 | X85: =SUM(U85-TODAY()) -> -41 | Y85: M-1.423/17-12-2025 | Z85: EPG | AB85: SI | AC85: MULTISECTORIAL
A86: 86 | B86: 31 | C86: =IF(ISERROR(VLOOKUP(I86,[1]DEP!$B$3:$E$583,1,FALSE)),"NO","SI") -> NO | D86: =IF(ISERROR(VLOOKUP(I86,[2]FRG!$S$19:$U$288,1,FALSE)),"NO","SI") -> NO | E86: =IF(ISERROR(VLOOKUP(I86,[3]DATOS_PREINVERSION!$O$3:$R$475,1,FALSE)),"NO","SI") -> SI | F86: CHILOE | G86: ANCUD | H86: MUNICIPALIDAD ANCUD | I86: 40076866 | J86: CONSERVACION CAMINOS NO ENROLADOS PRODUCTIVOS PENÍNSULA DE LACUY, COMUNA DE ANCUD | K86: 1081064000 | L86: Fabián Rutte | M86: FIRMA OBS | N86: 46252 | O86: 46287 | P86: =IF(NETWORKDAYS(N86,O86,Feriados!$J$2:$J$22)-1>=0,NETWORKDAYS(N86,O86,Feriados!$J$2:$J$22)-1,"NO APLICA") -> 24 | Q86: 46252 | R86: =+Q86+T86 -> 46267 | S86: 46287 | T86: 15 | U86: =WORKDAY(Q86,T86,Feriados!$J$2:$J$22) -> 46273 | V86: =+S86-Q86 -> 35 | W86: =IF(NETWORKDAYS(Q86,S86,Feriados!$J$2:$J$22)-1>=0,NETWORKDAYS(Q86,S86,Feriados!$J$2:$J$22)-1,"NO APLICA") -> 24 | X86: =SUM(U86-TODAY()) -> -23 | AB86: NO
A87: 87 | B87: 29 | C87: =IF(ISERROR(VLOOKUP(I87,[1]DEP!$B$3:$E$583,1,FALSE)),"NO","SI") -> NO | D87: =IF(ISERROR(VLOOKUP(I87,[2]FRG!$S$19:$U$288,1,FALSE)),"NO","SI") -> SI | E87: =IF(ISERROR(VLOOKUP(I87,[3]DATOS_PREINVERSION!$O$3:$R$475,1,FALSE)),"NO","SI") -> NO | F87: LLANQUIHUE | G87: MAULLÍN | H87: MUNICIPALIDAD MAULLÍN | I87: 40020478 | J87: REEV ADQUISICION MAQUINARIA PESADA COMUNA DE MAULLIN | K87: 629973000 | L87: Fabián Rutte | M87: OBSERVADO | P87: =IF(NETWORKDAYS(N87,O87,Feriados!$J$2:$J$22)-1>=0,NETWORKDAYS(N87,O87,Feriados!$J$2:$J$22)-1,"NO APLICA") -> NO APLICA | Q87: 46252 | R87: =+Q87+T87 -> 46262 | S87: 46272 | T87: 10 | U87: =WORKDAY(Q87,T87,Feriados!$J$2:$J$22) -> 46266 | V87: 7 | W87: 4 | X87: =SUM(U87-TODAY()) -> -30 | Y87: 4.354/27-11-2023 | Z87: MAQ. CNOS | AA87: 7494 | AB87: SI | AC87: TRANSPORTE
A88: 88 | B88: 31 | C88: =IF(ISERROR(VLOOKUP(I88,[1]DEP!$B$3:$E$583,1,FALSE)),"NO","SI") -> NO | D88: =IF(ISERROR(VLOOKUP(I88,[2]FRG!$S$19:$U$288,1,FALSE)),"NO","SI") -> NO | E88: SI | F88: LLANQUIHUE | G88: PUERTO MONTT | H88: MUNICIPALIDAD PUERTO MONTT | I88: 40082055 | J88: CONSERVACION DE CALLES SECTOR ORIENTE DE LA COMUNA DE PUERTO MONTT | K88: 1217178000 | M88: FIRMA OBS | N88: 46258 | O88: 46290 | P88: =IF(NETWORKDAYS(N88,O88,Feriados!$J$2:$J$22)-1>=0,NETWORKDAYS(N88,O88,Feriados!$J$2:$J$22)-1,"NO APLICA") -> 23 | Q88: 46258 | R88: =+Q88+T88 -> 46273 | S88: 46290 | T88: 15 | U88: =WORKDAY(Q88,T88,Feriados!$J$2:$J$22) -> 46279 | V88: =+S88-Q88 -> 32 | W88: =IF(NETWORKDAYS(Q88,S88,Feriados!$J$2:$J$22)-1>=0,NETWORKDAYS(Q88,S88,Feriados!$J$2:$J$22)-1,"NO APLICA") -> 23 | X88: =SUM(U88-TODAY()) -> -17
A89: 89 | B89: 31 | C89: =IF(ISERROR(VLOOKUP(I89,[1]DEP!$B$3:$E$583,1,FALSE)),"NO","SI") -> NO | D89: =IF(ISERROR(VLOOKUP(I89,[2]FRG!$S$19:$U$288,1,FALSE)),"NO","SI") -> NO | E89: =IF(ISERROR(VLOOKUP(I89,[3]DATOS_PREINVERSION!$O$3:$R$475,1,FALSE)),"NO","SI") -> SI | F89: CHILOÉ | G89: QUEMCHI | H89: MUNICIPALIDAD QUEMCHI | I89: 40005528 | J89: CONSERVACION GIMNASIO MUNICIPAL DE QUEMCHI | K89: 700908000 | L89: Fabián Rutte | M89: OBSERVADO | P89: =IF(NETWORKDAYS(N89,O89,Feriados!$J$2:$J$22)-1>=0,NETWORKDAYS(N89,O89,Feriados!$J$2:$J$22)-1,"NO APLICA") -> NO APLICA | Q89: 46252 | R89: =+Q89+T89 -> 46262 | S89: 46273 | T89: 10 | U89: =WORKDAY(Q89,T89,Feriados!$J$2:$J$22) -> 46266 | V89: 7 | W89: 4 | X89: =SUM(U89-TODAY()) -> -30 | Y89: 2.953/05-11-2025 | Z89: DEPORTE CONSERVACION | AB89: si | AC89: DEPORTE
A90: 90 | B90: 29 | C90: =IF(ISERROR(VLOOKUP(I90,[1]DEP!$B$3:$E$583,1,FALSE)),"NO","SI") -> NO | D90: =IF(ISERROR(VLOOKUP(I90,[2]FRG!$S$19:$U$288,1,FALSE)),"NO","SI") -> NO | E90: =IF(ISERROR(VLOOKUP(I90,[3]DATOS_PREINVERSION!$O$3:$R$475,1,FALSE)),"NO","SI") -> NO | F90: LLANQUIHUE | G90: PROVINCIAL | H90: SERVICIO SALUD RELONCAVI | I90: 40060249 | J90: REPOSICION EQUIPOS PARA NEUROLOGÍA, HOSPITAL DE PUERTO MONTT | M90: EN EVALUACIÓN | N90: 46253 | P90: =IF(NETWORKDAYS(N90,O90,Feriados!$J$2:$J$22)-1>=0,NETWORKDAYS(N90,O90,Feriados!$J$2:$J$22)-1,"NO APLICA") -> NO APLICA | Q90: 46253 | R90: =+Q90+T90 -> 46268 | T90: 15 | U90: =WORKDAY(Q90,T90,Feriados!$J$2:$J$22) -> 46274 | V90: =+S90-Q90 -> -46253 | W90: =IF(NETWORKDAYS(Q90,S90,Feriados!$J$2:$J$22)-1>=0,NETWORKDAYS(Q90,S90,Feriados!$J$2:$J$22)-1,"NO APLICA") -> NO APLICA | X90: =SUM(U90-TODAY()) -> -22
A91: 91 | B91: 29 | C91: =IF(ISERROR(VLOOKUP(I91,[1]DEP!$B$3:$E$583,1,FALSE)),"NO","SI") -> NO | D91: =IF(ISERROR(VLOOKUP(I91,[2]FRG!$S$19:$U$288,1,FALSE)),"NO","SI") -> NO | E91: =IF(ISERROR(VLOOKUP(I91,[3]DATOS_PREINVERSION!$O$3:$R$475,1,FALSE)),"NO","SI") -> NO | F91: LLANQUIHUE | G91: PROVINCIAL | H91: SERVICIO SALUD RELONCAVI | I91: 40011970 | J91: REPOSICION EQUIPO MAMÓGRAFO DIGITAL CON BIOPSIA ESTEREOTÁXICA, HPM, SSDR. | K91: 475989000 | M91: FIRMA OBS | N91: 46253 | O91: 46294 | P91: =IF(NETWORKDAYS(N91,O91,Feriados!$J$2:$J$22)-1>=0,NETWORKDAYS(N91,O91,Feriados!$J$2:$J$22)-1,"NO APLICA") -> 28 | Q91: 46253 | R91: =+Q91+T91 -> 46268 | S91: 46294 | T91: 15 | U91: =WORKDAY(Q91,T91,Feriados!$J$2:$J$22) -> 46274 | V91: =+S91-Q91 -> 41 | W91: =IF(NETWORKDAYS(Q91,S91,Feriados!$J$2:$J$22)-1>=0,NETWORKDAYS(Q91,S91,Feriados!$J$2:$J$22)-1,"NO APLICA") -> 28 | X91: =SUM(U91-TODAY()) -> -22
A92: 92 | B92: 29 | C92: =IF(ISERROR(VLOOKUP(I92,[1]DEP!$B$3:$E$583,1,FALSE)),"NO","SI") -> NO | D92: =IF(ISERROR(VLOOKUP(I92,[2]FRG!$S$19:$U$288,1,FALSE)),"NO","SI") -> NO | E92: =IF(ISERROR(VLOOKUP(I92,[3]DATOS_PREINVERSION!$O$3:$R$475,1,FALSE)),"NO","SI") -> SI | F92: LLANQUIHUE | G92: PUERTO MONTT | H92: MUNICIPALIDAD PUERTO MONTT | I92: 40078794 | J92: REPOSICION VEHÍCULOS DE PATRULLAJE PREVENTIVO SEGURIDAD PÚBLICA, PUERTO MONTT. | K92: 532331000 | M92: FIRMA OBS | N92: 46259 | O92: 46287 | P92: =IF(NETWORKDAYS(N92,O92,Feriados!$J$2:$J$22)-1>=0,NETWORKDAYS(N92,O92,Feriados!$J$2:$J$22)-1,"NO APLICA") -> 19 | Q92: 46259 | R92: =+Q92+T92 -> 46274 | S92: 46287 | T92: 15 | U92: =WORKDAY(Q92,T92,Feriados!$J$2:$J$22) -> 46280 | V92: =+S92-Q92 -> 28 | W92: =IF(NETWORKDAYS(Q92,S92,Feriados!$J$2:$J$22)-1>=0,NETWORKDAYS(Q92,S92,Feriados!$J$2:$J$22)-1,"NO APLICA") -> 19 | X92: =SUM(U92-TODAY()) -> -16
A93: 93 | B93: 29 | C93: =IF(ISERROR(VLOOKUP(I93,[1]DEP!$B$3:$E$583,1,FALSE)),"NO","SI") -> NO | D93: =IF(ISERROR(VLOOKUP(I93,[2]FRG!$S$19:$U$288,1,FALSE)),"NO","SI") -> NO | E93: =IF(ISERROR(VLOOKUP(I93,[3]DATOS_PREINVERSION!$O$3:$R$475,1,FALSE)),"NO","SI") -> SI | F93: CHILOÉ | G93: ANCUD | H93: MUNICIPALIDAD ANCUD | I93: 40077747 | J93: ADQUISICION Y REPOSICIÓN DEL BUS DE LA ILUSTRE MUNICIPALIDAD DE ANCUD | K93: 468357000 | M93: FIRMA OBS | N93: 46260 | O93: 46294 | P93: =IF(NETWORKDAYS(N93,O93,Feriados!$J$2:$J$22)-1>=0,NETWORKDAYS(N93,O93,Feriados!$J$2:$J$22)-1,"NO APLICA") -> 23 | Q93: 46260 | R93: =+Q93+T93 -> 46275 | S93: 46294 | T93: 15 | U93: =WORKDAY(Q93,T93,Feriados!$J$2:$J$22) -> 46281 | V93: =+S93-Q93 -> 34 | W93: =IF(NETWORKDAYS(Q93,S93,Feriados!$J$2:$J$22)-1>=0,NETWORKDAYS(Q93,S93,Feriados!$J$2:$J$22)-1,"NO APLICA") -> 23 | X93: =SUM(U93-TODAY()) -> -15
A94: 94 | B94: 29 | C94: =IF(ISERROR(VLOOKUP(I94,[1]DEP!$B$3:$E$583,1,FALSE)),"NO","SI") -> NO | D94: =IF(ISERROR(VLOOKUP(I94,[2]FRG!$S$19:$U$288,1,FALSE)),"NO","SI") -> NO | E94: =IF(ISERROR(VLOOKUP(I94,[3]DATOS_PREINVERSION!$O$3:$R$475,1,FALSE)),"NO","SI") -> NO | F94: X REGION | G94: X REGION | H94: CARABINEROS X ZONA | I94: S/CODIGO | J94: ADQUISICIÓN DE EQUIPOS TECNOLÓGICOS, DOS VEHÍCULOS Y ACCESORIOS PARA LA SECCIÓN CRIMINALÍSTICA PUERTO MONTT | M94: EN EVALUACIÓN | N94: 46261 | P94: =IF(NETWORKDAYS(N94,O94,Feriados!$J$2:$J$22)-1>=0,NETWORKDAYS(N94,O94,Feriados!$J$2:$J$22)-1,"NO APLICA") -> NO APLICA | Q94: 46261 | R94: =+Q94+T94 -> 46276 | T94: 15 | U94: =WORKDAY(Q94,T94,Feriados!$J$2:$J$22) -> 46282 | V94: =+S94-Q94 -> -46261 | W94: =IF(NETWORKDAYS(Q94,S94,Feriados!$J$2:$J$22)-1>=0,NETWORKDAYS(Q94,S94,Feriados!$J$2:$J$22)-1,"NO APLICA") -> NO APLICA | X94: =SUM(U94-TODAY()) -> -14
A95: 95 | B95: 22 | C95: =IF(ISERROR(VLOOKUP(I95,[1]DEP!$B$3:$E$583,1,FALSE)),"NO","SI") -> NO | D95: =IF(ISERROR(VLOOKUP(I95,[2]FRG!$S$19:$U$288,1,FALSE)),"NO","SI") -> NO | E95: =IF(ISERROR(VLOOKUP(I95,[3]DATOS_PREINVERSION!$O$3:$R$475,1,FALSE)),"NO","SI") -> SI | F95: LLANQUIHUE | G95: PUERTO MONTT | H95: MUNICIPALIDAD PUERTO MONTT | I95: 40078947 | J95: ACTUALIZACION PLAN REGULADOR COMUNAL DE PUERTO MONTT | K95: 1639168000 | M95: FIRMA OBS | N95: 46266 | O95: 46287 | P95: =IF(NETWORKDAYS(N95,O95,Feriados!$J$2:$J$22)-1>=0,NETWORKDAYS(N95,O95,Feriados!$J$2:$J$22)-1,"NO APLICA") -> 14 | Q95: 46266 | R95: =+Q95+T95 -> 46281 | S95: 46287 | T95: 15 | U95: =WORKDAY(Q95,T95,Feriados!$J$2:$J$22) -> 46288 | V95: =+S95-Q95 -> 21 | W95: =IF(NETWORKDAYS(Q95,S95,Feriados!$J$2:$J$22)-1>=0,NETWORKDAYS(Q95,S95,Feriados!$J$2:$J$22)-1,"NO APLICA") -> 14 | X95: =SUM(U95-TODAY()) -> -8
A96: 96 | B96: 31 | C96: =IF(ISERROR(VLOOKUP(I96,[1]DEP!$B$3:$E$583,1,FALSE)),"NO","SI") -> NO | D96: =IF(ISERROR(VLOOKUP(I96,[2]FRG!$S$19:$U$288,1,FALSE)),"NO","SI") -> NO | E96: =IF(ISERROR(VLOOKUP(I96,[3]DATOS_PREINVERSION!$O$3:$R$475,1,FALSE)),"NO","SI") -> SI | F96: OSORNO | G96: SAN JUAN DE LA COSTA | H96: MUNICIPALIDAD SAN JUAN DE LA COSTA | I96: 40081009 | J96: CONSERVACION CAMINOS NO ENROLADOS COSTA CENTRO, SAN JUAN DE LA COSTA | K96: 612030000 | M96: FIRMA OBS | N96: 46268 | O96: 46294 | P96: =IF(NETWORKDAYS(N96,O96,Feriados!$J$2:$J$22)-1>=0,NETWORKDAYS(N96,O96,Feriados!$J$2:$J$22)-1,"NO APLICA") -> 17 | Q96: 46268 | R96: =+Q96+T96 -> 46283 | S96: 46294 | T96: 15 | U96: =WORKDAY(Q96,T96,Feriados!$J$2:$J$22) -> 46290 | V96: =+S96-Q96 -> 26 | W96: =IF(NETWORKDAYS(Q96,S96,Feriados!$J$2:$J$22)-1>=0,NETWORKDAYS(Q96,S96,Feriados!$J$2:$J$22)-1,"NO APLICA") -> 17 | X96: =SUM(U96-TODAY()) -> -6
A97: 97 | B97: 29 | C97: =IF(ISERROR(VLOOKUP(I97,[1]DEP!$B$3:$E$583,1,FALSE)),"NO","SI") -> NO | D97: =IF(ISERROR(VLOOKUP(I97,[2]FRG!$S$19:$U$288,1,FALSE)),"NO","SI") -> NO | E97: =IF(ISERROR(VLOOKUP(I97,[3]DATOS_PREINVERSION!$O$3:$R$475,1,FALSE)),"NO","SI") -> NO | F97: LLANQUIHUE | G97: LOS MUERMOS | H97: MUNICIPALIDAD LOS MUERMOS | I97: 40081874 | J97: REPOSICION AMBULANCIAS DE EMERGENCIA BASICA, COMUNA DE LOS MUERMOS | M97: EN EVALUACIÓN | N97: 46269 | P97: =IF(NETWORKDAYS(N97,O97,Feriados!$J$2:$J$22)-1>=0,NETWORKDAYS(N97,O97,Feriados!$J$2:$J$22)-1,"NO APLICA") -> NO APLICA | Q97: 46269 | R97: =+Q97+T97 -> 46284 | T97: 15 | U97: =WORKDAY(Q97,T97,Feriados!$J$2:$J$22) -> 46293 | V97: =+S97-Q97 -> -46269 | W97: =IF(NETWORKDAYS(Q97,S97,Feriados!$J$2:$J$22)-1>=0,NETWORKDAYS(Q97,S97,Feriados!$J$2:$J$22)-1,"NO APLICA") -> NO APLICA | X97: =SUM(U97-TODAY()) -> -3
A98: 98 | B98: 29 | C98: =IF(ISERROR(VLOOKUP(I98,[1]DEP!$B$3:$E$583,1,FALSE)),"NO","SI") -> NO | D98: =IF(ISERROR(VLOOKUP(I98,[2]FRG!$S$19:$U$288,1,FALSE)),"NO","SI") -> NO | E98: =IF(ISERROR(VLOOKUP(I98,[3]DATOS_PREINVERSION!$O$3:$R$475,1,FALSE)),"NO","SI") -> SI | F98: CHILOÉ | G98: QUEILEN | H98: MUNICIPALIDAD QUEILEN | I98: 40072958 | J98: ADQUISICION CAMION RSD URBANO Y ADQUISICION CONTENEDORES, QUEILEN | M98: EN EVALUACIÓN | N98: 46273 | P98: =IF(NETWORKDAYS(N98,O98,Feriados!$J$2:$J$22)-1>=0,NETWORKDAYS(N98,O98,Feriados!$J$2:$J$22)-1,"NO APLICA") -> NO APLICA | Q98: 46273 | R98: =+Q98+T98 -> 46288 | T98: 15 | U98: =WORKDAY(Q98,T98,Feriados!$J$2:$J$22) -> 46295 | V98: =+S98-Q98 -> -46273 | W98: =IF(NETWORKDAYS(Q98,S98,Feriados!$J$2:$J$22)-1>=0,NETWORKDAYS(Q98,S98,Feriados!$J$2:$J$22)-1,"NO APLICA") -> NO APLICA | X98: =SUM(U98-TODAY()) -> -1
A99: 99 | B99: 29 | C99: =IF(ISERROR(VLOOKUP(I99,[1]DEP!$B$3:$E$583,1,FALSE)),"NO","SI") -> NO | D99: =IF(ISERROR(VLOOKUP(I99,[2]FRG!$S$19:$U$288,1,FALSE)),"NO","SI") -> NO | E99: =IF(ISERROR(VLOOKUP(I99,[3]DATOS_PREINVERSION!$O$3:$R$475,1,FALSE)),"NO","SI") -> NO | F99: PALENA | G99: HUALAIHUÉ | H99: MUNICIPALIDAD HUALAIHUÉ | I99: 40081458 | J99: ADQUISICIÓN CAMIÓN ALJIBE PARA DISTRIBUCIÓN DE AGUA POTABLE, COMUNA DE HUALAIHUE | M99: EN EVALUACIÓN | N99: 46272 | P99: =IF(NETWORKDAYS(N99,O99,Feriados!$J$2:$J$22)-1>=0,NETWORKDAYS(N99,O99,Feriados!$J$2:$J$22)-1,"NO APLICA") -> NO APLICA | Q99: 46272 | R99: =+Q99+T99 -> 46287 | T99: 15 | U99: =WORKDAY(Q99,T99,Feriados!$J$2:$J$22) -> 46294 | V99: =+S99-Q99 -> -46272 | W99: =IF(NETWORKDAYS(Q99,S99,Feriados!$J$2:$J$22)-1>=0,NETWORKDAYS(Q99,S99,Feriados!$J$2:$J$22)-1,"NO APLICA") -> NO APLICA | X99: =SUM(U99-TODAY()) -> -2
A100: 100 | B100: 29 | C100: =IF(ISERROR(VLOOKUP(I100,[1]DEP!$B$3:$E$583,1,FALSE)),"NO","SI") -> NO | D100: =IF(ISERROR(VLOOKUP(I100,[2]FRG!$S$19:$U$288,1,FALSE)),"NO","SI") -> NO | E100: =IF(ISERROR(VLOOKUP(I100,[3]DATOS_PREINVERSION!$O$3:$R$475,1,FALSE)),"NO","SI") -> NO | F100: PALENA | G100: HUALAIHUÉ | H100: MUNICIPALIDAD HUALAIHUÉ | I100: 40083053 | J100: REPOSICIÓN DE CAMIÓN MULTIPROPÓSITO PARA LA EJECUCIÓN DE SERVICIOS MUNICIPALES, COMUNA DE HUALAIHUÉ | M100: EN EVALUACIÓN | N100: 46272 | P100: =IF(NETWORKDAYS(N100,O100,Feriados!$J$2:$J$22)-1>=0,NETWORKDAYS(N100,O100,Feriados!$J$2:$J$22)-1,"NO APLICA") -> NO APLICA | Q100: 46272 | R100: =+Q100+T100 -> 46287 | T100: 15 | U100: =WORKDAY(Q100,T100,Feriados!$J$2:$J$22) -> 46294 | V100: =+S100-Q100 -> -46272 | W100: =IF(NETWORKDAYS(Q100,S100,Feriados!$J$2:$J$22)-1>=0,NETWORKDAYS(Q100,S100,Feriados!$J$2:$J$22)-1,"NO APLICA") -> NO APLICA | X100: =SUM(U100-TODAY()) -> -2
...

Sheet 2025
A1: CANT | B1: SUBT. | C1: ARI 2023 | D1: PPTO 2025 | E1: ARI 2026 | F1: PROVINCIA | G1: COMUNA | H1: FORMULADOR | I1: BIP | J1: NOMBRE DE LA INICIATIVA | K1: COSTO | L1: EVALUADOR | M1: ESTADO | N1: FECHA 1er INGRESO | O1: FECHA 1er Respuesta | P1: DÍAS 1° Evaluación | Q1: FECHA INGRESO | R1: PLAZO PARA INFORMAR (15 DIAS) | S1: FECHA EVALUACION | T1: DIAS EVALUAR | U1: FECHA (REAL) ENTREGA | V1: DIAS EN EVALUACION | W1: DIAS HAB. EN EVALUACION | X1: DIAS RESTANTES | Y1: ORD GR N°/ FECHA | Z1: CLASIFICACION | AA1: BENEFICIARIOS DIRECTOS | AB1: ¿ES REEVALUACION? | AC1: SECTOR (SNI)
A2: 1 | B2: 31 | C2: =IF(ISERROR(VLOOKUP(I2,[1]DEP!$B$3:$E$583,1,FALSE)),"NO","SI") -> SI | D2: =IF(ISERROR(VLOOKUP(I2,[2]FRG!$S$19:$U$288,1,FALSE)),"NO","SI") -> SI | E2: =IF(ISERROR(VLOOKUP(I2,'[4]ARI 26 C33'!$C$1:$D$490,1,FALSE)),"NO","SI") -> NO | F2: OSORNO | G2: PUYEHUE | H2: MUNICIPALIDAD PUYEHUE | I2: 40018788 | J2: REEV CONSERVACION CAMINOS NO ENROLADOS 12 SECTORES RURALES DE LA COMUNA DE PUYEHUE | K2: 633888000 | L2: Fabián Rutte | M2: OBSERVADO | P2: =IF(NETWORKDAYS(N2,O2,Feriados!$I$2:$I$22)-1>=0,NETWORKDAYS(N2,O2,Feriados!$I$2:$I$22)-1,"NO APLICA") -> NO APLICA | Q2: 45649 | R2: =+Q2+T2 -> 45659 | S2: 45665 | T2: 10 | U2: =WORKDAY(Q2,T2,Feriados!$I$2:$I$22) -> 45664 | V2: =+S2-Q2 -> 16 | W2: =IF(NETWORKDAYS(Q2,S2,Feriados!$I$2:$I$22)-1>=0,NETWORKDAYS(Q2,S2,Feriados!$I$2:$I$22)-1,"NO APLICA") -> 11 | X2: =SUM(U2-TODAY()) -> -632 | Y2: 190/30-01-2023 | Z2: CNOS NO ENROLADOS | AA2: 608 | AB2: SI | AC2: TRANSPORTE
A3: 2 | B3: 29 | C3: =IF(ISERROR(VLOOKUP(I3,[1]DEP!$B$3:$E$583,1,FALSE)),"NO","SI") -> NO | D3: =IF(ISERROR(VLOOKUP(I3,[2]FRG!$S$19:$U$288,1,FALSE)),"NO","SI") -> NO | E3: =IF(ISERROR(VLOOKUP(I3,'[4]ARI 26 C33'!$C$1:$D$490,1,FALSE)),"NO","SI") -> NO | F3: =+IFERROR(VLOOKUP(G3,Feriados!$M$1:$N$36,2,FALSE),"") -> REGIONAL | G3: REGIONAL | H3: CONAF | I3: 40062961 | J3: REPOSICION EQUIPOS DE RADIO COMUNICACIONES INCENDIOS FORESTALES Y ASP CONAF LOS LAGOS | L3: Fabián Rutte | M3: OBSERVADO | N3: 45664 | O3: 45673 | P3: =IF(NETWORKDAYS(N3,O3,Feriados!$I$2:$I$22)-1>=0,NETWORKDAYS(N3,O3,Feriados!$I$2:$I$22)-1,"NO APLICA") -> 7 | Q3: 45664 | R3: =+Q3+T3 -> 45679 | S3: 45673 | T3: 15 | U3: =WORKDAY(Q3,T3,Feriados!$I$2:$I$22) -> 45685 | V3: =+S3-Q3 -> 9 | W3: =IF(NETWORKDAYS(Q3,S3,Feriados!$I$2:$I$22)-1>=0,NETWORKDAYS(Q3,S3,Feriados!$I$2:$I$22)-1,"NO APLICA") -> 7 | X3: =SUM(U3-TODAY()) -> -611 | Z3: S/C | AB3: NO | AC3: S/C
A4: 3 | B4: 29 | C4: =IF(ISERROR(VLOOKUP(I4,[1]DEP!$B$3:$E$583,1,FALSE)),"NO","SI") -> NO | D4: =IF(ISERROR(VLOOKUP(I4,[2]FRG!$S$19:$U$288,1,FALSE)),"NO","SI") -> NO | E4: =IF(ISERROR(VLOOKUP(I4,'[4]ARI 26 C33'!$C$1:$D$490,1,FALSE)),"NO","SI") -> NO | F4: =+IFERROR(VLOOKUP(G4,Feriados!$M$1:$N$36,2,FALSE),"") -> REGIONAL | G4: REGIONAL | H4: CONAF | I4: 40066004 | J4: REPOSICION DE VEHÍCULOS TIPO CAMIONETAS CONAF | K4: 354012000 | L4: Fabián Rutte | M4: CUMPLE RT | N4: 45664 | O4: 45673 | P4: =IF(NETWORKDAYS(N4,O4,Feriados!$I$2:$I$22)-1>=0,NETWORKDAYS(N4,O4,Feriados!$I$2:$I$22)-1,"NO APLICA") -> 7 | Q4: 45887 | R4: =+Q4+T4 -> 45902 | S4: 45931 | T4: 15 | U4: =WORKDAY(Q4,T4,Feriados!$I$2:$I$22) -> 45908 | V4: =+S4-Q4 -> 44 | W4: =IF(NETWORKDAYS(Q4,S4,Feriados!$I$2:$I$22)-1>=0,NETWORKDAYS(Q4,S4,Feriados!$I$2:$I$22)-1,"NO APLICA") -> 30 | X4: =SUM(U4-TODAY()) -> -388 | Y4: 2.549/02-10-2025 | Z4: VEHICULOS | AB4: NO | AC4: RECURSOS NATURALES Y MEDIO AMBIENTE / MEDIO AMBIENTE
A5: 4 | B5: 29 | C5: =IF(ISERROR(VLOOKUP(I5,[1]DEP!$B$3:$E$583,1,FALSE)),"NO","SI") -> NO | D5: =IF(ISERROR(VLOOKUP(I5,[2]FRG!$S$19:$U$288,1,FALSE)),"NO","SI") -> SI | E5: =IF(ISERROR(VLOOKUP(I5,'[4]ARI 26 C33'!$C$1:$D$490,1,FALSE)),"NO","SI") -> NO | F5: CHILOÉ | G5: PROVINCIAL | H5: DIRECCION DE VIALIDAD | I5: 40057047 | J5: REEV REPOSICION VEHICULOS Y ADQUISICION MAQUINARIA DE ASFALTO PARA LA D. V., PROVINCIA DE CHILOE | K5: 1354107000 | L5: Fabián Rutte | M5: CUMPLE RT | P5: =IF(NETWORKDAYS(N5,O5,Feriados!$I$2:$I$22)-1>=0,NETWORKDAYS(N5,O5,Feriados!$I$2:$I$22)-1,"NO APLICA") -> NO APLICA | Q5: 45947 | R5: =+Q5+T5 -> 45957 | S5: 45971 | T5: 10 | U5: =WORKDAY(Q5,T5,Feriados!$I$2:$I$22) -> 45964 | V5: =+S5-Q5 -> 24 | W5: =IF(NETWORKDAYS(Q5,S5,Feriados!$I$2:$I$22)-1>=0,NETWORKDAYS(Q5,S5,Feriados!$I$2:$I$22)-1,"NO APLICA") -> 15 | X5: =SUM(U5-TODAY()) -> -332 | Y5: 3.646/27-09-2023 | Z5: MAQ. CNOS | AA5: 168185 | AB5: SI | AC5: TRANSPORTE
A6: 5 | B6: 29 | C6: =IF(ISERROR(VLOOKUP(I6,[1]DEP!$B$3:$E$583,1,FALSE)),"NO","SI") -> SI | D6: =IF(ISERROR(VLOOKUP(I6,[2]FRG!$S$19:$U$288,1,FALSE)),"NO","SI") -> SI | E6: =IF(ISERROR(VLOOKUP(I6,'[4]ARI 26 C33'!$C$1:$D$490,1,FALSE)),"NO","SI") -> NO | F6: LLANQUIHUE | G6: PUERTO MONTT | H6: MUNICIPALIDAD PUERTO MONTT | I6: 40033774 | J6: REEV REPOSICION CAMIONES Y MAQUINARIAS - MUNICIPALIDAD DE PUERTO MONTT | K6: 1931826751 | L6: Fabián Rutte | M6: CUMPLE RT | P6: =IF(NETWORKDAYS(N6,O6,Feriados!$I$2:$I$22)-1>=0,NETWORKDAYS(N6,O6,Feriados!$I$2:$I$22)-1,"NO APLICA") -> NO APLICA | Q6: 45866 | R6: =+Q6+T6 -> 45876 | S6: 45873 | T6: 10 | U6: =WORKDAY(Q6,T6,Feriados!$I$2:$I$22) -> 45880 | V6: =+S6-Q6 -> 7 | W6: =IF(NETWORKDAYS(Q6,S6,Feriados!$I$2:$I$22)-1>=0,NETWORKDAYS(Q6,S6,Feriados!$I$2:$I$22)-1,"NO APLICA") -> 5 | X6: =SUM(U6-TODAY()) -> -416 | Y6: 3.186/29-10-2021 | Z6: MAQ. CNOS | AA6: 27528 | AB6: SI | AC6: TRANSPORTE
A7: 6 | B7: 29 | C7: =IF(ISERROR(VLOOKUP(I7,[1]DEP!$B$3:$E$583,1,FALSE)),"NO","SI") -> NO | D7: =IF(ISERROR(VLOOKUP(I7,[2]FRG!$S$19:$U$288,1,FALSE)),"NO","SI") -> NO | E7: =IF(ISERROR(VLOOKUP(I7,'[4]ARI 26 C33'!$C$1:$D$490,1,FALSE)),"NO","SI") -> NO | H7: SERVICIO SALUD RELONCAVI | I7: 40063717 | J7: ADQUISICION EQUIPOS Y EQUIPAMIENTOS PARA POSTAS DE SALUD RURAL, TERRITORIO CORDILLERA | L7: Fabián Rutte | M7: OBSERVADO | N7: 45671 | O7: 45684 | P7: =IF(NETWORKDAYS(N7,O7,Feriados!$I$2:$I$22)-1>=0,NETWORKDAYS(N7,O7,Feriados!$I$2:$I$22)-1,"NO APLICA") -> 9 | Q7: 45967 | R7: =+Q7+T7 -> 45982 | S7: 46000 | T7: 15 | U7: =WORKDAY(Q7,T7,Feriados!$I$2:$I$22) -> 45988 | V7: =+S7-Q7 -> 33 | W7: =IF(NETWORKDAYS(Q7,S7,Feriados!$I$2:$I$22)-1>=0,NETWORKDAYS(Q7,S7,Feriados!$I$2:$I$22)-1,"NO APLICA") -> 22 | X7: =SUM(U7-TODAY()) -> -308 | Z7: EQ. SALUD | AB7: NO | AC7: SALUD
A8: 7 | B8: 29 | C8: =IF(ISERROR(VLOOKUP(I8,[1]DEP!$B$3:$E$583,1,FALSE)),"NO","SI") -> SI | D8: =IF(ISERROR(VLOOKUP(I8,[2]FRG!$S$19:$U$288,1,FALSE)),"NO","SI") -> SI | E8: =IF(ISERROR(VLOOKUP(I8,'[4]ARI 26 C33'!$C$1:$D$490,1,FALSE)),"NO","SI") -> SI | F8: CHILOÉ | G8: PUQUELDÓN | H8: MUNICIPALIDAD PUQUELDÓN | I8: 40013818 | J8: REEV REPOSICION MAQUINARIA PARA MANTENCION DE CAMINOS VECINALES, COMUNA PUQUELDON | K8: 839659000 | L8: Fabián Rutte | M8: CUMPLE RT | P8: =IF(NETWORKDAYS(N8,O8,Feriados!$I$2:$I$22)-1>=0,NETWORKDAYS(N8,O8,Feriados!$I$2:$I$22)-1,"NO APLICA") -> NO APLICA | Q8: 45673 | R8: =+Q8+T8 -> 45683 | S8: 45681 | T8: 10 | U8: =WORKDAY(Q8,T8,Feriados!$I$2:$I$22) -> 45687 | V8: =+S8-Q8 -> 8 | W8: =IF(NETWORKDAYS(Q8,S8,Feriados!$I$2:$I$22)-1>=0,NETWORKDAYS(Q8,S8,Feriados!$I$2:$I$22)-1,"NO APLICA") -> 6 | X8: =SUM(U8-TODAY()) -> -609 | Y8: 4.067/30-10-2023 | Z8: MAQ. CNOS | AA8: 1190 | AB8: SI | AC8: TRANSPORTE
A9: 8 | B9: 29 | C9: =IF(ISERROR(VLOOKUP(I9,[1]DEP!$B$3:$E$583,1,FALSE)),"NO","SI") -> SI | D9: =IF(ISERROR(VLOOKUP(I9,[2]FRG!$S$19:$U$288,1,FALSE)),"NO","SI") -> SI | E9: =IF(ISERROR(VLOOKUP(I9,'[4]ARI 26 C33'!$C$1:$D$490,1,FALSE)),"NO","SI") -> NO | F9: LLANQUIHUE | G9: FRUTILLAR | H9: MUNICIPALIDAD FRUTILLAR | I9: 40031422 | J9: REEV REPOSICION CAMIÓN RECOLECTOR DE RESIDUOS SÓLIDOS EN LA COMUNA DE FRUTILLAR | K9: 238375000 | L9: Fabián Rutte | M9: CUMPLE RT | P9: =IF(NETWORKDAYS(N9,O9,Feriados!$I$2:$I$22)-1>=0,NETWORKDAYS(N9,O9,Feriados!$I$2:$I$22)-1,"NO APLICA") -> NO APLICA | Q9: 45688 | R9: =+Q9+T9 -> 45698 | S9: 45695 | T9: 10 | U9: =WORKDAY(Q9,T9,Feriados!$I$2:$I$22) -> 45702 | V9: =+S9-Q9 -> 7 | W9: =IF(NETWORKDAYS(Q9,S9,Feriados!$I$2:$I$22)-1>=0,NETWORKDAYS(Q9,S9,Feriados!$I$2:$I$22)-1,"NO APLICA") -> 5 | X9: =SUM(U9-TODAY()) -> -594 | Y9: 360/04-03-2024 | Z9: CAMIONES RSD | AA9: 9915 | AB9: SI | AC9: RECURSOS NATURALES Y MEDIO AMBIENTE / MEDIO AMBIENTE
A10: 9 | B10: 29 | C10: =IF(ISERROR(VLOOKUP(I10,[1]DEP!$B$3:$E$583,1,FALSE)),"NO","SI") -> NO | D10: =IF(ISERROR(VLOOKUP(I10,[2]FRG!$S$19:$U$288,1,FALSE)),"NO","SI") -> NO | E10: =IF(ISERROR(VLOOKUP(I10,'[4]ARI 26 C33'!$C$1:$D$490,1,FALSE)),"NO","SI") -> SI | F10: OSORNO | G10: SAN PABLO | H10: MUNICIPALIDAD SAN PABLO | I10: 40069510 | J10: REPOSICION VEHICULOS MUNICIPALES VARIOS DEPARTAMENTOS, SAN PABLO | K10: 160330000 | L10: Fabián Rutte | M10: CUMPLE RT | N10: 45698 | O10: 45719 | P10: =IF(NETWORKDAYS(N10,O10,Feriados!$I$2:$I$22)-1>=0,NETWORKDAYS(N10,O10,Feriados!$I$2:$I$22)-1,"NO APLICA") -> 15 | Q10: 45789 | R10: =+Q10+T10 -> 45804 | S10: 45811 | T10: 15 | U10: =WORKDAY(Q10,T10,Feriados!$I$2:$I$22) -> 45811 | V10: =+S10-Q10 -> 22 | W10: =IF(NETWORKDAYS(Q10,S10,Feriados!$I$2:$I$22)-1>=0,NETWORKDAYS(Q10,S10,Feriados!$I$2:$I$22)-1,"NO APLICA") -> 15 | X10: =SUM(U10-TODAY()) -> -485 | Y10: 1.193/04-06-2025 | Z10: VEHICULOS | AB10: NO | AC10: MULTISECTORIAL
A11: 10 | B11: 29 | C11: =IF(ISERROR(VLOOKUP(I11,[1]DEP!$B$3:$E$583,1,FALSE)),"NO","SI") -> NO | D11: =IF(ISERROR(VLOOKUP(I11,[2]FRG!$S$19:$U$288,1,FALSE)),"NO","SI") -> NO | E11: =IF(ISERROR(VLOOKUP(I11,'[4]ARI 26 C33'!$C$1:$D$490,1,FALSE)),"NO","SI") -> SI | F11: LLANQUIHUE | G11: FRUTILLAR | H11: MUNICIPALIDAD FRUTILLAR | I11: 40070081 | J11: CONSERVACION GIMNASIO MUNICIPAL DE CASMA | L11: Fabián Rutte | M11: OBSERVADO | N11: 45708 | O11: 45750 | P11: =IF(NETWORKDAYS(N11,O11,Feriados!$I$2:$I$22)-1>=0,NETWORKDAYS(N11,O11,Feriados!$I$2:$I$22)-1,"NO APLICA") -> 30 | Q11: 45947 | R11: =+Q11+T11 -> 45962 | S11: 45750 | T11: 15 | U11: =WORKDAY(Q11,T11,Feriados!$I$2:$I$22) -> 45971 | V11: =+S11-Q11 -> -197 | W11: =IF(NETWORKDAYS(Q11,S11,Feriados!$I$2:$I$22)-1>=0,NETWORKDAYS(Q11,S11,Feriados!$I$2:$I$22)-1,"NO APLICA") -> NO APLICA | X11: =SUM(U11-TODAY()) -> -325 | Z11: DEPORTE CONSERVACION | AB11: NO | AC11: DEPORTE
A12: 11 | B12: 31 | C12: =IF(ISERROR(VLOOKUP(I12,[1]DEP!$B$3:$E$583,1,FALSE)),"NO","SI") -> NO | D12: =IF(ISERROR(VLOOKUP(I12,[2]FRG!$S$19:$U$288,1,FALSE)),"NO","SI") -> NO | E12: =IF(ISERROR(VLOOKUP(I12,'[4]ARI 26 C33'!$C$1:$D$490,1,FALSE)),"NO","SI") -> SI | F12: LLANQUIHUE | G12: CALBUCO | H12: MUNICIPALIDAD CALBUCO | I12: 40055163 | J12: CONSERVACION CAMINOS NO ENROLADOS ISLA PULUQUI | K12: 1221535000 | L12: Fabián Rutte | M12: CUMPLE RT | N12: 45712 | O12: 45727 | P12: =IF(NETWORKDAYS(N12,O12,Feriados!$I$2:$I$22)-1>=0,NETWORKDAYS(N12,O12,Feriados!$I$2:$I$22)-1,"NO APLICA") -> 11 | Q12: 45712 | R12: =+Q12+T12 -> 45727 | S12: 45727 | T12: 15 | U12: =WORKDAY(Q12,T12,Feriados!$I$2:$I$22) -> 45733 | V12: =+S12-Q12 -> 15 | W12: =IF(NETWORKDAYS(Q12,S12,Feriados!$I$2:$I$22)-1>=0,NETWORKDAYS(Q12,S12,Feriados!$I$2:$I$22)-1,"NO APLICA") -> 11 | X12: =SUM(U12-TODAY()) -> -563 | Y12: 425/13-03-2025 | Z12: CNOS NO ENROLADOS | AA12: 1167 | AB12: NO | AC12: TRANSPORTE
A13: 12 | B13: 31 | C13: =IF(ISERROR(VLOOKUP(I13,[1]DEP!$B$3:$E$583,1,FALSE)),"NO","SI") -> NO | D13: =IF(ISERROR(VLOOKUP(I13,[2]FRG!$S$19:$U$288,1,FALSE)),"NO","SI") -> NO | E13: =IF(ISERROR(VLOOKUP(I13,'[4]ARI 26 C33'!$C$1:$D$490,1,FALSE)),"NO","SI") -> SI | F13: CHILOÉ | G13: QUINCHAO | H13: MUNICIPALIDAD QUINCHAO | I13: 40067325 | J13: CONSERVACION CAMINOS NO ENROLADOS ISLA CHAULINEC, COMUNA DE QUINCHAO | K13: 2352751000 | L13: Fabián Rutte | M13: CUMPLE RT | N13: 45712 | O13: 45719 | P13: =IF(NETWORKDAYS(N13,O13,Feriados!$I$2:$I$22)-1>=0,NETWORKDAYS(N13,O13,Feriados!$I$2:$I$22)-1,"NO APLICA") -> 5 | Q13: 45712 | R13: =+Q13+T13 -> 45727 | S13: 45719 | T13: 15 | U13: =WORKDAY(Q13,T13,Feriados!$I$2:$I$22) -> 45733 | V13: =+S13-Q13 -> 7 | W13: =IF(NETWORKDAYS(Q13,S13,Feriados!$I$2:$I$22)-1>=0,NETWORKDAYS(Q13,S13,Feriados!$I$2:$I$22)-1,"NO APLICA") -> 5 | X13: =SUM(U13-TODAY()) -> -563 | Z13: CNOS NO ENROLADOS | AA13: 497 | AB13: NO | AC13: TRANSPORTE
A14: 13 | B14: 29 | C14: =IF(ISERROR(VLOOKUP(I14,[1]DEP!$B$3:$E$583,1,FALSE)),"NO","SI") -> NO | D14: =IF(ISERROR(VLOOKUP(I14,[2]FRG!$S$19:$U$288,1,FALSE)),"NO","SI") -> NO | E14: =IF(ISERROR(VLOOKUP(I14,'[4]ARI 26 C33'!$C$1:$D$490,1,FALSE)),"NO","SI") -> NO | F14: LLANQUIHUE | G14: FRUTILLAR | H14: MUNICIPALIDAD FRUTILLAR | I14: 40069547 | J14: REPOSICION VEHÍCULOS MUNICIPALES COMUNA DE FRUTILLAR | K14: 80166000 | L14: Fabián Rutte | M14: CUMPLE RT | N14: 45705 | O14: 45737 | P14: =IF(NETWORKDAYS(N14,O14,Feriados!$I$2:$I$22)-1>=0,NETWORKDAYS(N14,O14,Feriados!$I$2:$I$22)-1,"NO APLICA") -> 24 | Q14: 45812 | R14: =+Q14+T14 -> 45827 | S14: 45845 | T14: 15 | U14: =WORKDAY(Q14,T14,Feriados!$I$2:$I$22) -> 45834 | V14: =+S14-Q14 -> 33 | W14: =IF(NETWORKDAYS(Q14,S14,Feriados!$I$2:$I$22)-1>=0,NETWORKDAYS(Q14,S14,Feriados!$I$2:$I$22)-1,"NO APLICA") -> 22 | X14: =SUM(U14-TODAY()) -> -462 | Y14: 1.548/08-07-2025 | Z14: VEHICULOS | AB14: NO | AC14: TRANSPORTE
A15: 14 | B15: 31 | C15: =IF(ISERROR(VLOOKUP(I15,[1]DEP!$B$3:$E$583,1,FALSE)),"NO","SI") -> NO | D15: =IF(ISERROR(VLOOKUP(I15,[2]FRG!$S$19:$U$288,1,FALSE)),"NO","SI") -> NO | E15: =IF(ISERROR(VLOOKUP(I15,'[4]ARI 26 C33'!$C$1:$D$490,1,FALSE)),"NO","SI") -> NO | F15: OSORNO | G15: SAN PABLO | H15: MUNICIPALIDAD SAN PABLO | I15: 40070419 | J15: CONSERVACION CAMINOS N.e. DE SOCOTUÉ, PALENA, S. ANTONIO, S. ALDEA, PISHUINCO y MICHAICAHUÍN | L15: Fabián Rutte | M15: OBSERVADO | N15: 45744 | O15: 45772 | P15: =IF(NETWORKDAYS(N15,O15,Feriados!$I$2:$I$22)-1>=0,NETWORKDAYS(N15,O15,Feriados!$I$2:$I$22)-1,"NO APLICA") -> 19 | Q15: 45971 | R15: =+Q15+T15 -> 45986 | S15: 45772 | T15: 15 | U15: =WORKDAY(Q15,T15,Feriados!$I$2:$I$22) -> 45992 | V15: =+S15-Q15 -> -199 | W15: =IF(NETWORKDAYS(Q15,S15,Feriados!$I$2:$I$22)-1>=0,NETWORKDAYS(Q15,S15,Feriados!$I$2:$I$22)-1,"NO APLICA") -> NO APLICA | X15: =SUM(U15-TODAY()) -> -304 | Z15: CNOS NO ENROLADOS | AB15: NO | AC15: TRANSPORTE
A16: 15 | B16: 31 | C16: =IF(ISERROR(VLOOKUP(I16,[1]DEP!$B$3:$E$583,1,FALSE)),"NO","SI") -> NO | D16: =IF(ISERROR(VLOOKUP(I16,[2]FRG!$S$19:$U$288,1,FALSE)),"NO","SI") -> SI | E16: =IF(ISERROR(VLOOKUP(I16,'[4]ARI 26 C33'!$C$1:$D$490,1,FALSE)),"NO","SI") -> NO | F16: LLANQUIHUE | G16: FRESIA | H16: MUNICIPALIDAD FRESIA | I16: 40054955 | J16: REEV CONSERVACION 17 CAMINOS NO ENROLADOS 7 SECTORES, COMUNA DE FRESIA | K16: 800512000 | L16: Fabián Rutte | M16: OBSERVADO | P16: =IF(NETWORKDAYS(N16,O16,Feriados!$I$2:$I$22)-1>=0,NETWORKDAYS(N16,O16,Feriados!$I$2:$I$22)-1,"NO APLICA") -> NO APLICA | Q16: 45728 | R16: =+Q16+T16 -> 45738 | T16: 10 | U16: =WORKDAY(Q16,T16,Feriados!$I$2:$I$22) -> 45742 | V16: =+S16-Q16 -> -45728 | W16: =IF(NETWORKDAYS(Q16,S16,Feriados!$I$2:$I$22)-1>=0,NETWORKDAYS(Q16,S16,Feriados!$I$2:$I$22)-1,"NO APLICA") -> NO APLICA | X16: =SUM(U16-TODAY()) -> -554 | Y16: 3.891/16-10-2023 | Z16: CNOS NO ENROLADOS | AA16: 416 | AB16: SI | AC16: TRANSPORTE
A17: 16 | B17: 31 | C17: =IF(ISERROR(VLOOKUP(I17,[1]DEP!$B$3:$E$583,1,FALSE)),"NO","SI") -> NO | D17: =IF(ISERROR(VLOOKUP(I17,[2]FRG!$S$19:$U$288,1,FALSE)),"NO","SI") -> NO | E17: =IF(ISERROR(VLOOKUP(I17,'[4]ARI 26 C33'!$C$1:$D$490,1,FALSE)),"NO","SI") -> SI | F17: CHILOÉ | G17: QUEMCHI | H17: MUNICIPALIDAD QUEMCHI | I17: 40005528 | J17: CONSERVACION GIMNASIO MUNICIPAL DE QUEMCHI | K17: 700908000 | L17: Fabián Rutte | M17: CUMPLE RT | N17: 45726 | O17: 45811 | P17: =IF(NETWORKDAYS(N17,O17,Feriados!$I$2:$I$22)-1>=0,NETWORKDAYS(N17,O17,Feriados!$I$2:$I$22)-1,"NO APLICA") -> 58 | Q17: 45943 | R17: =+Q17+T17 -> 45958 | S17: 45960 | T17: 15 | U17: =WORKDAY(Q17,T17,Feriados!$I$2:$I$22) -> 45965 | V17: =+S17-Q17 -> 17 | W17: =IF(NETWORKDAYS(Q17,S17,Feriados!$I$2:$I$22)-1>=0,NETWORKDAYS(Q17,S17,Feriados!$I$2:$I$22)-1,"NO APLICA") -> 13 | X17: =SUM(U17-TODAY()) -> -331 | Y17: 2.953/05-11-2025 | Z17: DEPORTE CONSERVACION | AB17: NO | AC17: DEPORTE
A18: 17 | B18: 31 | C18: =IF(ISERROR(VLOOKUP(I18,[1]DEP!$B$3:$E$583,1,FALSE)),"NO","SI") -> SI | D18: =IF(ISERROR(VLOOKUP(I18,[2]FRG!$S$19:$U$288,1,FALSE)),"NO","SI") -> NO | E18: =IF(ISERROR(VLOOKUP(I18,'[4]ARI 26 C33'!$C$1:$D$490,1,FALSE)),"NO","SI") -> SI | F18: CHILOÉ | G18: PUQUELDÓN | H18: MUNICIPALIDAD PUQUELDÓN | I18: 40013816 | J18: CONSERVACION GIMNASIO MUNICIPAL DE PUQUELDON | K18: 771811000 | L18: Fabián Rutte | M18: CUMPLE RT | N18: 45733 | O18: 45754 | P18: =IF(NETWORKDAYS(N18,O18,Feriados!$I$2:$I$22)-1>=0,NETWORKDAYS(N18,O18,Feriados!$I$2:$I$22)-1,"NO APLICA") -> 15 | Q18: 45959 | R18: =+Q18+T18 -> 45974 | S18: 45960 | T18: 15 | U18: =WORKDAY(Q18,T18,Feriados!$I$2:$I$22) -> 45981 | V18: =+S18-Q18 -> 1 | W18: =IF(NETWORKDAYS(Q18,S18,Feriados!$I$2:$I$22)-1>=0,NETWORKDAYS(Q18,S18,Feriados!$I$2:$I$22)-1,"NO APLICA") -> 1 | X18: =SUM(U18-TODAY()) -> -315 | Y18: 2.955/05-11-2025 | Z18: DEPORTE CONSERVACION | AB18: NO | AC18: DEPORTE
A19: 18 | B19: 29 | C19: =IF(ISERROR(VLOOKUP(I19,[1]DEP!$B$3:$E$583,1,FALSE)),"NO","SI") -> NO | D19: =IF(ISERROR(VLOOKUP(I19,[2]FRG!$S$19:$U$288,1,FALSE)),"NO","SI") -> NO | E19: =IF(ISERROR(VLOOKUP(I19,'[4]ARI 26 C33'!$C$1:$D$490,1,FALSE)),"NO","SI") -> SI | F19: LLANQUIHUE | G19: FRUTILLAR | H19: MUNICIPALIDAD FRUTILLAR | I19: 40070410 | J19: ADQUISICION Y REPOSICIÓN DE MAQUINARIAS Y VEHICULO PARA ASEO Y ORNATO, FRUTILLAR | K19: 589337430 | L19: Fabián Rutte | M19: CUMPLE RT | N19: 45748 | O19: 45789 | P19: =IF(NETWORKDAYS(N19,O19,Feriados!$I$2:$I$22)-1>=0,NETWORKDAYS(N19,O19,Feriados!$I$2:$I$22)-1,"NO APLICA") -> 27 | Q19: 45947 | R19: =+Q19+T19 -> 45962 | S19: 45915 | T19: 15 | U19: =WORKDAY(Q19,T19,Feriados!$I$2:$I$22) -> 45971 | V19: =+S19-Q19 -> -32 | W19: =IF(NETWORKDAYS(Q19,S19,Feriados!$I$2:$I$22)-1>=0,NETWORKDAYS(Q19,S19,Feriados!$I$2:$I$22)-1,"NO APLICA") -> NO APLICA | X19: =SUM(U19-TODAY()) -> -325 | Z19: MAQ. CNOS | AB19: NO | AC19: RECURSOS NATURALES Y MEDIO AMBIENTE / MEDIO AMBIENTE
A20: 19 | B20: 31 | C20: =IF(ISERROR(VLOOKUP(I20,[1]DEP!$B$3:$E$583,1,FALSE)),"NO","SI") -> NO | D20: =IF(ISERROR(VLOOKUP(I20,[2]FRG!$S$19:$U$288,1,FALSE)),"NO","SI") -> NO | E20: =IF(ISERROR(VLOOKUP(I20,'[4]ARI 26 C33'!$C$1:$D$490,1,FALSE)),"NO","SI") -> SI | F20: LLANQUIHUE | G20: FRESIA | H20: MUNICIPALIDAD FRESIA | I20: 40067829 | J20: CONSERVACION CAMINOS NO ENROLADOS LOS GUINDOS, EL MAÑÍO, LAS CUYAS, TROMPETILLA Y LOS CAÑONES | K20: 691498000 | L20: Fabián Rutte | M20: CUMPLE RT | N20: 45748 | O20: 45776 | P20: =IF(NETWORKDAYS(N20,O20,Feriados!$I$2:$I$22)-1>=0,NETWORKDAYS(N20,O20,Feriados!$I$2:$I$22)-1,"NO APLICA") -> 19 | Q20: 45974 | R20: =+Q20+T20 -> 45989 | S20: 46006 | T20: 15 | U20: =WORKDAY(Q20,T20,Feriados!$I$2:$I$22) -> 45995 | V20: =+S20-Q20 -> 32 | W20: =IF(NETWORKDAYS(Q20,S20,Feriados!$I$2:$I$22)-1>=0,NETWORKDAYS(Q20,S20,Feriados!$I$2:$I$22)-1,"NO APLICA") -> 21 | X20: =SUM(U20-TODAY()) -> -301 | Y20: 3.299/16-12-2025 | Z20: CNOS NO ENROLADOS | AB20: NO | AC20: TRANSPORTE
A21: 20 | B21: 29 | C21: =IF(ISERROR(VLOOKUP(I21,[1]DEP!$B$3:$E$583,1,FALSE)),"NO","SI") -> NO | D21: =IF(ISERROR(VLOOKUP(I21,[2]FRG!$S$19:$U$288,1,FALSE)),"NO","SI") -> SI | E21: =IF(ISERROR(VLOOKUP(I21,'[4]ARI 26 C33'!$C$1:$D$490,1,FALSE)),"NO","SI") -> NO | F21: X REGION | G21: PROV. OSORNO | H21: DIRECCION DE VIALIDAD | I21: 40044996 | J21: REEV REPOSICION VEHICULOS Y ADQUISICION MAQUINARIA DE ASFALTO PARA LA D.V. REGIÓN DE LOS LAGOS | K21: 1376422000 | L21: Fabián Rutte | M21: CUMPLE RT | P21: =IF(NETWORKDAYS(N21,O21,Feriados!$I$2:$I$22)-1>=0,NETWORKDAYS(N21,O21,Feriados!$I$2:$I$22)-1,"NO APLICA") -> NO APLICA | Q21: 45922 | R21: =+Q21+T21 -> 45932 | S21: 45933 | T21: 10 | U21: =WORKDAY(Q21,T21,Feriados!$I$2:$I$22) -> 45936 | V21: =+S21-Q21 -> 11 | W21: =IF(NETWORKDAYS(Q21,S21,Feriados!$I$2:$I$22)-1>=0,NETWORKDAYS(Q21,S21,Feriados!$I$2:$I$22)-1,"NO APLICA") -> 9 | X21: =SUM(U21-TODAY()) -> -360 | Y21: 737/16-03-2023 | Z21: MAQ. CNOS | AA21: 234122 | AB21: SI | AC21: TRANSPORTE
A22: 21 | B22: 29 | C22: =IF(ISERROR(VLOOKUP(I22,[1]DEP!$B$3:$E$583,1,FALSE)),"NO","SI") -> NO | D22: =IF(ISERROR(VLOOKUP(I22,[2]FRG!$S$19:$U$288,1,FALSE)),"NO","SI") -> NO | E22: =IF(ISERROR(VLOOKUP(I22,'[4]ARI 26 C33'!$C$1:$D$490,1,FALSE)),"NO","SI") -> NO | H22: DIRECTEMAR | I22: 40072933 | J22: ADQUISICION UNIDAD DESPLIEGUE POLICIA MARITIMA PARA GOB MARITIMA DE PTO MONTT | L22: Fabián Rutte | M22: OBSERVADO | N22: 45747 | O22: 45770 | P22: =IF(NETWORKDAYS(N22,O22,Feriados!$I$2:$I$22)-1>=0,NETWORKDAYS(N22,O22,Feriados!$I$2:$I$22)-1,"NO APLICA") -> 16 | Q22: 45957 | R22: =+Q22+T22 -> 45972 | S22: 45978 | T22: 15 | U22: =WORKDAY(Q22,T22,Feriados!$I$2:$I$22) -> 45979 | V22: =+S22-Q22 -> 21 | W22: =IF(NETWORKDAYS(Q22,S22,Feriados!$I$2:$I$22)-1>=0,NETWORKDAYS(Q22,S22,Feriados!$I$2:$I$22)-1,"NO APLICA") -> 14 | X22: =SUM(U22-TODAY()) -> -317 | Z22: ARMADA | AB22: NO | AC22: SEGURIDAD
A23: 22 | B23: 29 | C23: =IF(ISERROR(VLOOKUP(I23,[1]DEP!$B$3:$E$583,1,FALSE)),"NO","SI") -> NO | D23: =IF(ISERROR(VLOOKUP(I23,[2]FRG!$S$19:$U$288,1,FALSE)),"NO","SI") -> SI | E23: =IF(ISERROR(VLOOKUP(I23,'[4]ARI 26 C33'!$C$1:$D$490,1,FALSE)),"NO","SI") -> NO | F23: CHILOÉ | G23: ANCUD | H23: MUNICIPALIDAD ANCUD | I23: 40041565 | J23: ADQUISICION DE DOS RETROEXCAVADORAS PARA LA ILUSTRE MUNICIPALIDAD DE ANCUD | K23: 311458000 | L23: Fabián Rutte | M23: CUMPLE RT | P23: =IF(NETWORKDAYS(N23,O23,Feriados!$I$2:$I$22)-1>=0,NETWORKDAYS(N23,O23,Feriados!$I$2:$I$22)-1,"NO APLICA") -> NO APLICA | Q23: 45769 | R23: =+Q23+T23 -> 45779 | S23: 45666 | T23: 10 | U23: =WORKDAY(Q23,T23,Feriados!$I$2:$I$22) -> 45784 | V23: =+S23-Q23 -> -103 | W23: =IF(NETWORKDAYS(Q23,S23,Feriados!$I$2:$I$22)-1>=0,NETWORKDAYS(Q23,S23,Feriados!$I$2:$I$22)-1,"NO APLICA") -> NO APLICA | X23: =SUM(U23-TODAY()) -> -512 | Y23: 4.068/30-10-23 | Z23: MAQ. CNOS | AA23: 11687 | AB23: SI | AC23: TRANSPORTE
A24: 23 | B24: 29 | C24: =IF(ISERROR(VLOOKUP(I24,[1]DEP!$B$3:$E$583,1,FALSE)),"NO","SI") -> NO | D24: =IF(ISERROR(VLOOKUP(I24,[2]FRG!$S$19:$U$288,1,FALSE)),"NO","SI") -> NO | E24: =IF(ISERROR(VLOOKUP(I24,'[4]ARI 26 C33'!$C$1:$D$490,1,FALSE)),"NO","SI") -> NO | H24: CARABINEROS X ZONA | I24: 40067537 | J24: ADQUISICION DE CUATRIMOTOS PARA LA ZONA DE CARABINEROS LOS LAGOS | K24: 167421000 | L24: Fabián Rutte | M24: CUMPLE RT | N24: 45756 | O24: 45776 | P24: =IF(NETWORKDAYS(N24,O24,Feriados!$I$2:$I$22)-1>=0,NETWORKDAYS(N24,O24,Feriados!$I$2:$I$22)-1,"NO APLICA") -> 13 | Q24: 45902 | R24: =+Q24+T24 -> 45917 | S24: 45776 | T24: 15 | U24: =WORKDAY(Q24,T24,Feriados!$I$2:$I$22) -> 45925 | V24: =+S24-Q24 -> -126 | W24: =IF(NETWORKDAYS(Q24,S24,Feriados!$I$2:$I$22)-1>=0,NETWORKDAYS(Q24,S24,Feriados!$I$2:$I$22)-1,"NO APLICA") -> NO APLICA | X24: =SUM(U24-TODAY()) -> -371 | Y24: 2.593/30-09-2025 | AB24: NO | AC24: SEGURIDAD
A25: 24 | B25: 29 | C25: =IF(ISERROR(VLOOKUP(I25,[1]DEP!$B$3:$E$583,1,FALSE)),"NO","SI") -> SI | D25: =IF(ISERROR(VLOOKUP(I25,[2]FRG!$S$19:$U$288,1,FALSE)),"NO","SI") -> NO | E25: =IF(ISERROR(VLOOKUP(I25,'[4]ARI 26 C33'!$C$1:$D$490,1,FALSE)),"NO","SI") -> SI | F25: CHILOÉ | G25: QUELLÓN | H25: MUNICIPALIDAD QUELLÓN | I25: 40043207 | J25: REPOSICION MAQUINARIA PARA MANTENCION DE CAMINOS RURALES, QUELLON | K25: 697950000 | L25: Fabián Rutte | M25: CUMPLE RT | N25: 45776 | O25: 45791 | P25: =IF(NETWORKDAYS(N25,O25,Feriados!$I$2:$I$22)-1>=0,NETWORKDAYS(N25,O25,Feriados!$I$2:$I$22)-1,"NO APLICA") -> 10 | Q25: 45945 | R25: =+Q25+T25 -> 45960 | S25: 45966 | T25: 15 | U25: =WORKDAY(Q25,T25,Feriados!$I$2:$I$22) -> 45967 | V25: =+S25-Q25 -> 21 | W25: =IF(NETWORKDAYS(Q25,S25,Feriados!$I$2:$I$22)-1>=0,NETWORKDAYS(Q25,S25,Feriados!$I$2:$I$22)-1,"NO APLICA") -> 14 | X25: =SUM(U25-TODAY()) -> -329 | Y25: 3.019/10-11-2025 | Z25: MAQ. CNOS | AB25: NO | AC25: TRANSPORTE
A26: 25 | B26: 29 | C26: =IF(ISERROR(VLOOKUP(I26,[1]DEP!$B$3:$E$583,1,FALSE)),"NO","SI") -> SI | D26: =IF(ISERROR(VLOOKUP(I26,[2]FRG!$S$19:$U$288,1,FALSE)),"NO","SI") -> SI | E26: =IF(ISERROR(VLOOKUP(I26,'[4]ARI 26 C33'!$C$1:$D$490,1,FALSE)),"NO","SI") -> NO | F26: LLANQUIHUE | G26: FRESIA | H26: MUNICIPALIDAD FRESIA | I26: 40036932 | J26: ADQUISICION AMBULANCIA PARA CONSULTORIO GENERAL RURAL DE TEGUALDA, COMUNA DE FRESIA | K26: 153873000 | L26: Fabián Rutte | M26: CUMPLE RT | P26: =IF(NETWORKDAYS(N26,O26,Feriados!$I$2:$I$22)-1>=0,NETWORKDAYS(N26,O26,Feriados!$I$2:$I$22)-1,"NO APLICA") -> NO APLICA | Q26: 45772 | R26: =+Q26+T26 -> 45782 | S26: 45784 | T26: 10 | U26: =WORKDAY(Q26,T26,Feriados!$I$2:$I$22) -> 45789 | V26: =+S26-Q26 -> 12 | W26: =IF(NETWORKDAYS(Q26,S26,Feriados!$I$2:$I$22)-1>=0,NETWORKDAYS(Q26,S26,Feriados!$I$2:$I$22)-1,"NO APLICA") -> 7 | X26: =SUM(U26-TODAY()) -> -507 | Y26: 1.485/08-07-2024 | Z26: AMBULANCIAS | AB26: SI | AC26: SALUD
A27: 26 | B27: 29 | C27: =IF(ISERROR(VLOOKUP(I27,[1]DEP!$B$3:$E$583,1,FALSE)),"NO","SI") -> NO | D27: =IF(ISERROR(VLOOKUP(I27,[2]FRG!$S$19:$U$288,1,FALSE)),"NO","SI") -> NO | E27: =IF(ISERROR(VLOOKUP(I27,'[4]ARI 26 C33'!$C$1:$D$490,1,FALSE)),"NO","SI") -> NO | F27: LLANQUIHUE | G27: FRUTILLAR | H27: SERVICIO SALUD RELONCAVI | I27: 40056836 | J27: ADQUISICION EQUIPO EQUIPAMIENTO PABELLON HOSPITAL DE FRUTILLAR | K27: 620526000 | L27: Fabián Rutte | M27: CUMPLE RT | N27: 45792 | O27: 45813 | P27: =IF(NETWORKDAYS(N27,O27,Feriados!$I$2:$I$22)-1>=0,NETWORKDAYS(N27,O27,Feriados!$I$2:$I$22)-1,"NO APLICA") -> 14 | Q27: 45922 | R27: =+Q27+T27 -> 45937 | S27: 45944 | T27: 15 | U27: =WORKDAY(Q27,T27,Feriados!$I$2:$I$22) -> 45943 | V27: =+S27-Q27 -> 22 | W27: =IF(NETWORKDAYS(Q27,S27,Feriados!$I$2:$I$22)-1>=0,NETWORKDAYS(Q27,S27,Feriados!$I$2:$I$22)-1,"NO APLICA") -> 16 | X27: =SUM(U27-TODAY()) -> -353 | Y27: 2.660/15-10-2025 | Z27: EQ. SALUD | AB27: NO | AC27: SALUD
A28: 27 | B28: 29 | C28: =IF(ISERROR(VLOOKUP(I28,[1]DEP!$B$3:$E$583,1,FALSE)),"NO","SI") -> NO | D28: =IF(ISERROR(VLOOKUP(I28,[2]FRG!$S$19:$U$288,1,FALSE)),"NO","SI") -> NO | E28: =IF(ISERROR(VLOOKUP(I28,'[4]ARI 26 C33'!$C$1:$D$490,1,FALSE)),"NO","SI") -> NO | F28: REGIONAL | G28: REGIONAL | H28: ADUANAS | I28: 40072938 | J28: ADQUISICION TECNOLOGIA NO INVASIVA PARA EL AEROPUERTO EL TEPUAL | K28: 146321000 | L28: Fabián Rutte | M28: CUMPLE RT | N28: 45792 | O28: 45796 | P28: =IF(NETWORKDAYS(N28,O28,Feriados!$I$2:$I$22)-1>=0,NETWORKDAYS(N28,O28,Feriados!$I$2:$I$22)-1,"NO APLICA") -> 2 | Q28: 45986 | R28: =+Q28+T28 -> 46001 | S28: 45993 | T28: 15 | U28: =WORKDAY(Q28,T28,Feriados!$I$2:$I$22) -> 46008 | V28: =+S28-Q28 -> 7 | W28: =IF(NETWORKDAYS(Q28,S28,Feriados!$I$2:$I$22)-1>=0,NETWORKDAYS(Q28,S28,Feriados!$I$2:$I$22)-1,"NO APLICA") -> 5 | X28: =SUM(U28-TODAY()) -> -288 | Y28: 3.206/03-12-2025 | AB28: NO | AC28: TRANSPORTE
A29: 28 | B29: 31 | C29: =IF(ISERROR(VLOOKUP(I29,[1]DEP!$B$3:$E$583,1,FALSE)),"NO","SI") -> NO | D29: =IF(ISERROR(VLOOKUP(I29,[2]FRG!$S$19:$U$288,1,FALSE)),"NO","SI") -> SI | E29: =IF(ISERROR(VLOOKUP(I29,'[4]ARI 26 C33'!$C$1:$D$490,1,FALSE)),"NO","SI") -> SI | F29: LLANQUIHUE | G29: PUERTO MONTT | H29: MUNICIPALIDAD PUERTO MONTT | I29: 40064760 | J29: CONSERVACION POLIDEPORTIVO ARENA PUERTO MONTT | K29: 1795966000 | L29: Fabián Rutte | M29: CUMPLE RT | N29: 45793 | O29: 45791 | P29: =IF(NETWORKDAYS(N29,O29,Feriados!$I$2:$I$22)-1>=0,NETWORKDAYS(N29,O29,Feriados!$I$2:$I$22)-1,"NO APLICA") -> NO APLICA | Q29: 45910 | R29: =+Q29+T29 -> 45925 | S29: 45923 | T29: 15 | U29: =WORKDAY(Q29,T29,Feriados!$I$2:$I$22) -> 45933 | V29: =+S29-Q29 -> 13 | W29: =IF(NETWORKDAYS(Q29,S29,Feriados!$I$2:$I$22)-1>=0,NETWORKDAYS(Q29,S29,Feriados!$I$2:$I$22)-1,"NO APLICA") -> 7 | X29: =SUM(U29-TODAY()) -> -363 | Y29: 2.413/24-09-2025 | Z29: DEPORTE CONSERVACION | AB29: NO | AC29: DEPORTE
A30: 29 | B30: 31 | C30: =IF(ISERROR(VLOOKUP(I30,[1]DEP!$B$3:$E$583,1,FALSE)),"NO","SI") -> NO | D30: =IF(ISERROR(VLOOKUP(I30,[2]FRG!$S$19:$U$288,1,FALSE)),"NO","SI") -> SI | E30: =IF(ISERROR(VLOOKUP(I30,'[4]ARI 26 C33'!$C$1:$D$490,1,FALSE)),"NO","SI") -> SI | F30: LLANQUIHUE | G30: PUERTO MONTT | H30: MUNICIPALIDAD PUERTO MONTT | I30: 40056949 | J30: CONSERVACION CALLES COMUNA DE PUERTO MONTT | K30: 1822558000 | L30: Fabián Rutte | M30: CUMPLE RT | P30: =IF(NETWORKDAYS(N30,O30,Feriados!$I$2:$I$22)-1>=0,NETWORKDAYS(N30,O30,Feriados!$I$2:$I$22)-1,"NO APLICA") -> NO APLICA | Q30: 45867 | R30: =+Q30+T30 -> 45877 | S30: 45810 | T30: 10 | U30: =WORKDAY(Q30,T30,Feriados!$I$2:$I$22) -> 45881 | V30: =+S30-Q30 -> -57 | W30: =IF(NETWORKDAYS(Q30,S30,Feriados!$I$2:$I$22)-1>=0,NETWORKDAYS(Q30,S30,Feriados!$I$2:$I$22)-1,"NO APLICA") -> NO APLICA | X30: =SUM(U30-TODAY()) -> -415 | Y30: 348/29-02-2024 | Z30: PAV. URBANOS | AA30: 130270 | AB30: SI | AC30: TRANSPORTE
A31: 30 | B31: 29 | C31: =IF(ISERROR(VLOOKUP(I31,[1]DEP!$B$3:$E$583,1,FALSE)),"NO","SI") -> NO | D31: =IF(ISERROR(VLOOKUP(I31,[2]FRG!$S$19:$U$288,1,FALSE)),"NO","SI") -> NO | E31: =IF(ISERROR(VLOOKUP(I31,'[4]ARI 26 C33'!$C$1:$D$490,1,FALSE)),"NO","SI") -> SI | F31: LLANQUIHUE | G31: COCHAMÓ | H31: MUNICIPALIDAD COCHAMÓ | I31: 40071715 | J31: REPOSICION VEHÍCULOS RECOLECTORES Y ADQUISICIÓN DE CONTENEDORES PARA RSD, COMUNA DE COCHAMÓ | K31: 371268000 | L31: Fabián Rutte | M31: CUMPLE RT | N31: 45805 | O31: 45842 | P31: =IF(NETWORKDAYS(N31,O31,Feriados!$I$2:$I$22)-1>=0,NETWORKDAYS(N31,O31,Feriados!$I$2:$I$22)-1,"NO APLICA") -> 26 | Q31: 45894 | R31: =+Q31+T31 -> 45909 | S31: 45842 | T31: 15 | U31: =WORKDAY(Q31,T31,Feriados!$I$2:$I$22) -> 45915 | V31: =+S31-Q31 -> -52 | W31: =IF(NETWORKDAYS(Q31,S31,Feriados!$I$2:$I$22)-1>=0,NETWORKDAYS(Q31,S31,Feriados!$I$2:$I$22)-1,"NO APLICA") -> NO APLICA | X31: =SUM(U31-TODAY()) -> -381 | Y31: 2.643/13-10-2025 | Z31: RSD | AB31: NO | AC31: MEDIO AMBIENTE
A32: 31 | B32: 29 | C32: =IF(ISERROR(VLOOKUP(I32,[1]DEP!$B$3:$E$583,1,FALSE)),"NO","SI") -> NO | D32: =IF(ISERROR(VLOOKUP(I32,[2]FRG!$S$19:$U$288,1,FALSE)),"NO","SI") -> NO | E32: =IF(ISERROR(VLOOKUP(I32,'[4]ARI 26 C33'!$C$1:$D$490,1,FALSE)),"NO","SI") -> SI | F32: CHILOÉ | G32: CHONCHI | H32: MUNICIPALIDAD CHONCHI | I32: 40039346 | J32: REPOSICION DE 2 AMBULANCIAS BASICAS PARA LA COMUNA DE CHONCHI | K32: 309400000 | L32: Fabián Rutte | M32: CUMPLE RT | N32: 45838 | O32: 45873 | P32: =IF(NETWORKDAYS(N32,O32,Feriados!$I$2:$I$22)-1>=0,NETWORKDAYS(N32,O32,Feriados!$I$2:$I$22)-1,"NO APLICA") -> 24 | Q32: 45905 | R32: =+Q32+T32 -> 45920 | S32: 45915 | T32: 15 | U32: =WORKDAY(Q32,T32,Feriados!$I$2:$I$22) -> 45930 | V32: =+S32-Q32 -> 10 | W32: =IF(NETWORKDAYS(Q32,S32,Feriados!$I$2:$I$22)-1>=0,NETWORKDAYS(Q32,S32,Feriados!$I$2:$I$22)-1,"NO APLICA") -> 6 | X32: =SUM(U32-TODAY()) -> -366 | Y32: 2.397/16-09-2025 | Z32: AMBULANCIAS | AB32: NO | AC32: SALUD
A33: 32 | B33: 29 | C33: =IF(ISERROR(VLOOKUP(I33,[1]DEP!$B$3:$E$583,1,FALSE)),"NO","SI") -> NO | D33: =IF(ISERROR(VLOOKUP(I33,[2]FRG!$S$19:$U$288,1,FALSE)),"NO","SI") -> NO | E33: =IF(ISERROR(VLOOKUP(I33,'[4]ARI 26 C33'!$C$1:$D$490,1,FALSE)),"NO","SI") -> SI | F33: CHILOÉ | G33: ANCUD | H33: MUNICIPALIDAD ANCUD | I33: 40061816 | J33: REPOSICION MAQUINARIAS PARA LA I. MUNICIPALIDAD ANCUD | L33: Fabián Rutte | M33: OBSERVADO | N33: 45810 | O33: 45845 | P33: =IF(NETWORKDAYS(N33,O33,Feriados!$I$2:$I$22)-1>=0,NETWORKDAYS(N33,O33,Feriados!$I$2:$I$22)-1,"NO APLICA") -> 24 | Q33: 45938 | R33: =+Q33+T33 -> 45953 | S33: 45960 | T33: 15 | U33: =WORKDAY(Q33,T33,Feriados!$I$2:$I$22) -> 45959 | V33: =+S33-Q33 -> 22 | W33: =IF(NETWORKDAYS(Q33,S33,Feriados!$I$2:$I$22)-1>=0,NETWORKDAYS(Q33,S33,Feriados!$I$2:$I$22)-1,"NO APLICA") -> 16 | X33: =SUM(U33-TODAY()) -> -337 | AB33: NO | AC33: TRANSPORTE
A34: 33 | B34: 29 | C34: =IF(ISERROR(VLOOKUP(I34,[1]DEP!$B$3:$E$583,1,FALSE)),"NO","SI") -> NO | D34: =IF(ISERROR(VLOOKUP(I34,[2]FRG!$S$19:$U$288,1,FALSE)),"NO","SI") -> NO | E34: =IF(ISERROR(VLOOKUP(I34,'[4]ARI 26 C33'!$C$1:$D$490,1,FALSE)),"NO","SI") -> NO | F34: CHILOÉ | G34: CASTRO | H34: MUNICIPALIDAD CASTRO | I34: 40071404 | J34: REPOSICION CAMIONETA MUNICIPALIDAD DE CASTRO | L34: Fabián Rutte | M34: OBSERVADO | N34: 45813 | O34: 45849 | P34: =IF(NETWORKDAYS(N34,O34,Feriados!$I$2:$I$22)-1>=0,NETWORKDAYS(N34,O34,Feriados!$I$2:$I$22)-1,"NO APLICA") -> 25 | Q34: 45922 | R34: =+Q34+T34 -> 45937 | S34: 45936 | T34: 15 | U34: =WORKDAY(Q34,T34,Feriados!$I$2:$I$22) -> 45943 | V34: =+S34-Q34 -> 14 | W34: =IF(NETWORKDAYS(Q34,S34,Feriados!$I$2:$I$22)-1>=0,NETWORKDAYS(Q34,S34,Feriados!$I$2:$I$22)-1,"NO APLICA") -> 10 | X34: =SUM(U34-TODAY()) -> -353 | AB34: NO | AC34: MULTISECTORIAL
A35: 34 | B35: 29 | C35: =IF(ISERROR(VLOOKUP(I35,[1]DEP!$B$3:$E$583,1,FALSE)),"NO","SI") -> NO | D35: =IF(ISERROR(VLOOKUP(I35,[2]FRG!$S$19:$U$288,1,FALSE)),"NO","SI") -> NO | E35: =IF(ISERROR(VLOOKUP(I35,'[4]ARI 26 C33'!$C$1:$D$490,1,FALSE)),"NO","SI") -> SI | F35: OSORNO | G35: SAN JUAN DE LA COSTA | H35: MUNICIPALIDAD SAN JUAN DE LA COSTA | I35: 40066529 | J35: ADQUISICION CAMION RECOLECTOR RSD SAN JUAN DE LA COSTA | K35: 250000000 | L35: Fabián Rutte | M35: CUMPLE RT | N35: 45821 | O35: 45860 | P35: =IF(NETWORKDAYS(N35,O35,Feriados!$I$2:$I$22)-1>=0,NETWORKDAYS(N35,O35,Feriados!$I$2:$I$22)-1,"NO APLICA") -> 25 | Q35: 45821 | R35: =+Q35+T35 -> 45836 | S35: 45860 | T35: 15 | U35: =WORKDAY(Q35,T35,Feriados!$I$2:$I$22) -> 45845 | V35: =+S35-Q35 -> 39 | W35: =IF(NETWORKDAYS(Q35,S35,Feriados!$I$2:$I$22)-1>=0,NETWORKDAYS(Q35,S35,Feriados!$I$2:$I$22)-1,"NO APLICA") -> 25 | X35: =SUM(U35-TODAY()) -> -451 | Y35: 1.753/28-07-2025 | Z35: CAMIONES RSD | AB35: NO | AC35: RECURSOS NATURALES Y MEDIO AMBIENTE / MEDIO AMBIENTE
A36: 35 | B36: 29 | C36: =IF(ISERROR(VLOOKUP(I36,[1]DEP!$B$3:$E$583,1,FALSE)),"NO","SI") -> NO | D36: =IF(ISERROR(VLOOKUP(I36,[2]FRG!$S$19:$U$288,1,FALSE)),"NO","SI") -> NO | E36: =IF(ISERROR(VLOOKUP(I36,'[4]ARI 26 C33'!$C$1:$D$490,1,FALSE)),"NO","SI") -> NO | F36: PALENA | G36: PROV. PALENA | H36: SERVICIO SALUD RELONCAVI | I36: 40063793 | J36: REPOSICION VEHICULOS TRASLADO DE FUNCIONARIOS PARA LOS HOSPITALES DE LA PROVINCIA DE PALENA | K36: 171669000 | L36: Fabián Rutte | M36: CUMPLE RT | N36: 45825 | O36: 45867 | P36: =IF(NETWORKDAYS(N36,O36,Feriados!$I$2:$I$22)-1>=0,NETWORKDAYS(N36,O36,Feriados!$I$2:$I$22)-1,"NO APLICA") -> 28 | Q36: 45994 | R36: =+Q36+T36 -> 46009 | S36: 46014 | T36: 15 | U36: =WORKDAY(Q36,T36,Feriados!$I$2:$I$22) -> 46017 | V36: =+S36-Q36 -> 20 | W36: =IF(NETWORKDAYS(Q36,S36,Feriados!$I$2:$I$22)-1>=0,NETWORKDAYS(Q36,S36,Feriados!$I$2:$I$22)-1,"NO APLICA") -> 13 | X36: =SUM(U36-TODAY()) -> -279 | Y36: 3.398/23-12-2025 | Z36: SALUD VEH. | AB36: NO | AC36: SALUD
A37: 36 | B37: 29 | C37: =IF(ISERROR(VLOOKUP(I37,[1]DEP!$B$3:$E$583,1,FALSE)),"NO","SI") -> NO | D37: =IF(ISERROR(VLOOKUP(I37,[2]FRG!$S$19:$U$288,1,FALSE)),"NO","SI") -> NO | E37: =IF(ISERROR(VLOOKUP(I37,'[4]ARI 26 C33'!$C$1:$D$490,1,FALSE)),"NO","SI") -> SI | F37: CHILOÉ | G37: ANCUD | H37: MUNICIPALIDAD ANCUD | I37: 40062882 | J37: REPOSICION 1 TRACTOCAMION Y 1 BATEA PARA LA I. MUNICIPALIDAD DE ANCUD | L37: Fabián Rutte | M37: OBSERVADO | N37: 45835 | O37: 45874 | P37: =IF(NETWORKDAYS(N37,O37,Feriados!$I$2:$I$22)-1>=0,NETWORKDAYS(N37,O37,Feriados!$I$2:$I$22)-1,"NO APLICA") -> 26 | Q37: 45835 | R37: =+Q37+T37 -> 45850 | S37: 45874 | T37: 15 | U37: =WORKDAY(Q37,T37,Feriados!$I$2:$I$22) -> 45859 | V37: =+S37-Q37 -> 39 | W37: =IF(NETWORKDAYS(Q37,S37,Feriados!$I$2:$I$22)-1>=0,NETWORKDAYS(Q37,S37,Feriados!$I$2:$I$22)-1,"NO APLICA") -> 26 | X37: =SUM(U37-TODAY()) -> -437 | AB37: NO | AC37: TRANSPORTE
A38: 37 | B38: 29 | C38: =IF(ISERROR(VLOOKUP(I38,[1]DEP!$B$3:$E$583,1,FALSE)),"NO","SI") -> NO | D38: =IF(ISERROR(VLOOKUP(I38,[2]FRG!$S$19:$U$288,1,FALSE)),"NO","SI") -> NO | E38: =IF(ISERROR(VLOOKUP(I38,'[4]ARI 26 C33'!$C$1:$D$490,1,FALSE)),"NO","SI") -> SI | F38: PALENA | G38: HUALAIHUÉ | H38: MUNICIPALIDAD HUALAIHUÉ | I38: 40065407 | J38: ADQUISICION MAQUINARIA PARA MEJORAMIENTO DE CAMINOS VECINALES, COMUNA DE HUALAIHUÉ | K38: 341685000 | L38: Fabián Rutte | M38: CUMPLE RT | N38: 45835 | O38: 45866 | P38: =IF(NETWORKDAYS(N38,O38,Feriados!$I$2:$I$22)-1>=0,NETWORKDAYS(N38,O38,Feriados!$I$2:$I$22)-1,"NO APLICA") -> 20 | Q38: 45901 | R38: =+Q38+T38 -> 45916 | S38: 45933 | T38: 15 | U38: =WORKDAY(Q38,T38,Feriados!$I$2:$I$22) -> 45924 | V38: =+S38-Q38 -> 32 | W38: =IF(NETWORKDAYS(Q38,S38,Feriados!$I$2:$I$22)-1>=0,NETWORKDAYS(Q38,S38,Feriados!$I$2:$I$22)-1,"NO APLICA") -> 22 | X38: =SUM(U38-TODAY()) -> -372 | Y38: 2.589/07-10-2025 | Z38: MAQ. CNOS | AB38: NO | AC38: TRANSPORTE
A39: 38 | B39: 29 | C39: =IF(ISERROR(VLOOKUP(I39,[1]DEP!$B$3:$E$583,1,FALSE)),"NO","SI") -> NO | D39: =IF(ISERROR(VLOOKUP(I39,[2]FRG!$S$19:$U$288,1,FALSE)),"NO","SI") -> NO | E39: =IF(ISERROR(VLOOKUP(I39,'[4]ARI 26 C33'!$C$1:$D$490,1,FALSE)),"NO","SI") -> SI | F39: LLANQUIHUE | G39: PUERTO MONTT | H39: MUNICIPALIDAD PUERTO MONTT | I39: 40072616 | J39: ADQUISICION EQUIPO DE BACHEO, COMUNA DE PUERTO MONTT | K39: 374017000 | L39: Fabián Rutte | M39: CUMPLE RT | N39: 45838 | O39: 45881 | P39: =IF(NETWORKDAYS(N39,O39,Feriados!$I$2:$I$22)-1>=0,NETWORKDAYS(N39,O39,Feriados!$I$2:$I$22)-1,"NO APLICA") -> 30 | Q39: 45995 | R39: =+Q39+T39 -> 46010 | S39: 46014 | T39: 15 | U39: =WORKDAY(Q39,T39,Feriados!$I$2:$I$22) -> 46020 | V39: =+S39-Q39 -> 19 | W39: =IF(NETWORKDAYS(Q39,S39,Feriados!$I$2:$I$22)-1>=0,NETWORKDAYS(Q39,S39,Feriados!$I$2:$I$22)-1,"NO APLICA") -> 12 | X39: =SUM(U39-TODAY()) -> -276 | Y39: 3.420/29-12-2025 | Z39: MAQ. CNOS | AB39: NO | AC39: TRANSPORTE
A40: 39 | B40: 29 | C40: =IF(ISERROR(VLOOKUP(I40,[1]DEP!$B$3:$E$583,1,FALSE)),"NO","SI") -> NO | D40: =IF(ISERROR(VLOOKUP(I40,[2]FRG!$S$19:$U$288,1,FALSE)),"NO","SI") -> NO | E40: =IF(ISERROR(VLOOKUP(I40,'[4]ARI 26 C33'!$C$1:$D$490,1,FALSE)),"NO","SI") -> NO | F40: OSORNO | G40: OSORNO | H40: SERVICIO SALUD OSORNO | I40: 40073842 | J40: ADQUISICION Y REPOSICION EQUIPOS Y EQUIPAMIENTO OTORRINOLARINGOLOGIA HOSPITAL BASE OSORNO | K40: 356525000 | L40: Fabián Rutte | M40: CUMPLE RT | N40: 45839 | O40: 45856 | P40: =IF(NETWORKDAYS(N40,O40,Feriados!$I$2:$I$22)-1>=0,NETWORKDAYS(N40,O40,Feriados!$I$2:$I$22)-1,"NO APLICA") -> 12 | Q40: 45959 | R40: =+Q40+T40 -> 45974 | S40: 45973 | T40: 15 | U40: =WORKDAY(Q40,T40,Feriados!$I$2:$I$22) -> 45981 | V40: =+S40-Q40 -> 14 | W40: =IF(NETWORKDAYS(Q40,S40,Feriados!$I$2:$I$22)-1>=0,NETWORKDAYS(Q40,S40,Feriados!$I$2:$I$22)-1,"NO APLICA") -> 9 | X40: =SUM(U40-TODAY()) -> -315 | Y40: 3.043/13-11-2025 | AB40: NO | AC40: SALUD
A41: 40 | B41: 29 | C41: =IF(ISERROR(VLOOKUP(I41,[1]DEP!$B$3:$E$583,1,FALSE)),"NO","SI") -> NO | D41: =IF(ISERROR(VLOOKUP(I41,[2]FRG!$S$19:$U$288,1,FALSE)),"NO","SI") -> NO | E41: =IF(ISERROR(VLOOKUP(I41,'[4]ARI 26 C33'!$C$1:$D$490,1,FALSE)),"NO","SI") -> NO | F41: CHILOÉ | G41: PROVINCIAL | H41: SERVICIO SALUD CHILOÉ | I41: 40072834 | J41: REPOSICION AMBULANCIAS PROVINCIA DE CHILOE | L41: Fabián Rutte | M41: OBSERVADO | N41: 45839 | O41: 45880 | P41: =IF(NETWORKDAYS(N41,O41,Feriados!$I$2:$I$22)-1>=0,NETWORKDAYS(N41,O41,Feriados!$I$2:$I$22)-1,"NO APLICA") -> 28 | Q41: 45839 | R41: =+Q41+T41 -> 45854 | S41: 45880 | T41: 15 | U41: =WORKDAY(Q41,T41,Feriados!$I$2:$I$22) -> 45861 | V41: =+S41-Q41 -> 41 | W41: =IF(NETWORKDAYS(Q41,S41,Feriados!$I$2:$I$22)-1>=0,NETWORKDAYS(Q41,S41,Feriados!$I$2:$I$22)-1,"NO APLICA") -> 28 | X41: =SUM(U41-TODAY()) -> -435 | Z41: AMBULANCIAS | AB41: NO | AC41: SALUD
A42: 41 | B42: 22 | C42: =IF(ISERROR(VLOOKUP(I42,[1]DEP!$B$3:$E$583,1,FALSE)),"NO","SI") -> NO | D42: =IF(ISERROR(VLOOKUP(I42,[2]FRG!$S$19:$U$288,1,FALSE)),"NO","SI") -> NO | E42: =IF(ISERROR(VLOOKUP(I42,'[4]ARI 26 C33'!$C$1:$D$490,1,FALSE)),"NO","SI") -> SI | F42: LLANQUIHUE | G42: MAULLÍN | H42: MUNICIPALIDAD MAULLÍN | I42: 40073466 | J42: ACTUALIZACION PLAN REGULADOR COMUNA DE MAULLÍN | K42: 300000000 | L42: Fabián Rutte | M42: CUMPLE RT | N42: 45839 | O42: 45882 | P42: =IF(NETWORKDAYS(N42,O42,Feriados!$I$2:$I$22)-1>=0,NETWORKDAYS(N42,O42,Feriados!$I$2:$I$22)-1,"NO APLICA") -> 30 | Q42: 45992 | R42: =+Q42+T42 -> 46007 | S42: 45882 | T42: 15 | U42: =WORKDAY(Q42,T42,Feriados!$I$2:$I$22) -> 46014 | V42: =+S42-Q42 -> -110 | W42: =IF(NETWORKDAYS(Q42,S42,Feriados!$I$2:$I$22)-1>=0,NETWORKDAYS(Q42,S42,Feriados!$I$2:$I$22)-1,"NO APLICA") -> NO APLICA | X42: =SUM(U42-TODAY()) -> -282 | Y42: 3.333/17-12-2025 | Z42: EPG | AB42: NO | AC42: VIVIENDA Y URBANISMO
A43: 42 | B43: 29 | C43: =IF(ISERROR(VLOOKUP(I43,[1]DEP!$B$3:$E$583,1,FALSE)),"NO","SI") -> NO | D43: =IF(ISERROR(VLOOKUP(I43,[2]FRG!$S$19:$U$288,1,FALSE)),"NO","SI") -> NO | E43: =IF(ISERROR(VLOOKUP(I43,'[4]ARI 26 C33'!$C$1:$D$490,1,FALSE)),"NO","SI") -> NO | F43: LLANQUIHUE | G43: MAULLÍN | H43: MUNICIPALIDAD MAULLÍN | I43: 40073084 | J43: ADQUISICION DE CAMIONETAS MUNICIPALIDAD DE MAULLIN | L43: Fabián Rutte | M43: OBSERVADO | N43: 45841 | O43: 45876 | P43: =IF(NETWORKDAYS(N43,O43,Feriados!$I$2:$I$22)-1>=0,NETWORKDAYS(N43,O43,Feriados!$I$2:$I$22)-1,"NO APLICA") -> 24 | Q43: 45841 | R43: =+Q43+T43 -> 45856 | S43: 45876 | T43: 15 | U43: =WORKDAY(Q43,T43,Feriados!$I$2:$I$22) -> 45863 | V43: =+S43-Q43 -> 35 | W43: =IF(NETWORKDAYS(Q43,S43,Feriados!$I$2:$I$22)-1>=0,NETWORKDAYS(Q43,S43,Feriados!$I$2:$I$22)-1,"NO APLICA") -> 24 | X43: =SUM(U43-TODAY()) -> -433 | AB43: NO | AC43: MULTISECTORIAL
A44: 43 | B44: 29 | C44: =IF(ISERROR(VLOOKUP(I44,[1]DEP!$B$3:$E$583,1,FALSE)),"NO","SI") -> NO | D44: =IF(ISERROR(VLOOKUP(I44,[2]FRG!$S$19:$U$288,1,FALSE)),"NO","SI") -> NO | E44: =IF(ISERROR(VLOOKUP(I44,'[4]ARI 26 C33'!$C$1:$D$490,1,FALSE)),"NO","SI") -> SI | F44: CHILOÉ | G44: DALCAHUE | H44: MUNICIPALIDAD DALCAHUE | I44: 40070836 | J44: REPOSICION BUS MUNICIPAL COMUNA DE DALCAHUE | K44: 310000000 | L44: Fabián Rutte | M44: CUMPLE RT | N44: 45849 | O44: 45888 | P44: =IF(NETWORKDAYS(N44,O44,Feriados!$I$2:$I$22)-1>=0,NETWORKDAYS(N44,O44,Feriados!$I$2:$I$22)-1,"NO APLICA") -> 25 | Q44: 45924 | R44: =+Q44+T44 -> 45939 | S44: 45950 | T44: 15 | U44: =WORKDAY(Q44,T44,Feriados!$I$2:$I$22) -> 45945 | V44: =+S44-Q44 -> 26 | W44: =IF(NETWORKDAYS(Q44,S44,Feriados!$I$2:$I$22)-1>=0,NETWORKDAYS(Q44,S44,Feriados!$I$2:$I$22)-1,"NO APLICA") -> 18 | X44: =SUM(U44-TODAY()) -> -351 | Y44: 2.743/21-10-2025 | Z44: BUS | AB44: NO | AC44: MULTISECTORIAL
A45: 44 | B45: 29 | C45: =IF(ISERROR(VLOOKUP(I45,[1]DEP!$B$3:$E$583,1,FALSE)),"NO","SI") -> NO | D45: =IF(ISERROR(VLOOKUP(I45,[2]FRG!$S$19:$U$288,1,FALSE)),"NO","SI") -> NO | E45: =IF(ISERROR(VLOOKUP(I45,'[4]ARI 26 C33'!$C$1:$D$490,1,FALSE)),"NO","SI") -> SI | F45: CHILOÉ | G45: DALCAHUE | H45: MUNICIPALIDAD DALCAHUE | I45: 40069983 | J45: REPOSICION REPOSICIÓN VEHÍCULOS ÁREA SALUD, COMUNA DE DALCAHUE | K45: 211177000 | L45: Fabián Rutte | M45: CUMPLE RT | N45: 45849 | O45: 45890 | P45: =IF(NETWORKDAYS(N45,O45,Feriados!$I$2:$I$22)-1>=0,NETWORKDAYS(N45,O45,Feriados!$I$2:$I$22)-1,"NO APLICA") -> 27 | Q45: 45910 | R45: =+Q45+T45 -> 45925 | S45: 45890 | T45: 15 | U45: =WORKDAY(Q45,T45,Feriados!$I$2:$I$22) -> 45933 | V45: =+S45-Q45 -> -20 | W45: =IF(NETWORKDAYS(Q45,S45,Feriados!$I$2:$I$22)-1>=0,NETWORKDAYS(Q45,S45,Feriados!$I$2:$I$22)-1,"NO APLICA") -> NO APLICA | X45: =SUM(U45-TODAY()) -> -363 | Y45: 2.644/13-10-2025 | Z45: SALUD VEH. | AB45: NO | AC45: SALUD
A46: 45 | B46: 29 | C46: =IF(ISERROR(VLOOKUP(I46,[1]DEP!$B$3:$E$583,1,FALSE)),"NO","SI") -> NO | D46: =IF(ISERROR(VLOOKUP(I46,[2]FRG!$S$19:$U$288,1,FALSE)),"NO","SI") -> NO | E46: =IF(ISERROR(VLOOKUP(I46,'[4]ARI 26 C33'!$C$1:$D$490,1,FALSE)),"NO","SI") -> NO | F46: X REGION | G46: X REGION | H46: TELETÓN | J46: ADQUISICIÓN EQUIPAMIENTO TERAPÉUTICO, TELETÓN PUERTO MONTT | L46: Fabián Rutte | M46: OBSERVADO | N46: 45848 | O46: 45887 | P46: =IF(NETWORKDAYS(N46,O46,Feriados!$I$2:$I$22)-1>=0,NETWORKDAYS(N46,O46,Feriados!$I$2:$I$22)-1,"NO APLICA") -> 25 | Q46: 45848 | R46: =+Q46+T46 -> 45863 | S46: 45887 | T46: 15 | U46: =WORKDAY(Q46,T46,Feriados!$I$2:$I$22) -> 45870 | V46: =+S46-Q46 -> 39 | W46: =IF(NETWORKDAYS(Q46,S46,Feriados!$I$2:$I$22)-1>=0,NETWORKDAYS(Q46,S46,Feriados!$I$2:$I$22)-1,"NO APLICA") -> 25 | X46: =SUM(U46-TODAY()) -> -426 | AB46: NO | AC46: SALUD
A47: 46 | B47: 29 | C47: =IF(ISERROR(VLOOKUP(I47,[1]DEP!$B$3:$E$583,1,FALSE)),"NO","SI") -> NO | D47: =IF(ISERROR(VLOOKUP(I47,[2]FRG!$S$19:$U$288,1,FALSE)),"NO","SI") -> NO | E47: =IF(ISERROR(VLOOKUP(I47,'[4]ARI 26 C33'!$C$1:$D$490,1,FALSE)),"NO","SI") -> NO | F47: LLANQUIHUE | G47: MAULLÍN | H47: MUNICIPALIDAD MAULLÍN | I47: 40073091 | J47: ADQUISICION CAMION PLANO MUNICIPALIDAD DE MAULLIN | L47: Fabián Rutte | M47: OBSERVADO | N47: 45852 | O47: 45894 | P47: =IF(NETWORKDAYS(N47,O47,Feriados!$I$2:$I$22)-1>=0,NETWORKDAYS(N47,O47,Feriados!$I$2:$I$22)-1,"NO APLICA") -> 28 | Q47: 45852 | R47: =+Q47+T47 -> 45867 | S47: 45894 | T47: 15 | U47: =WORKDAY(Q47,T47,Feriados!$I$2:$I$22) -> 45874 | V47: =+S47-Q47 -> 42 | W47: =IF(NETWORKDAYS(Q47,S47,Feriados!$I$2:$I$22)-1>=0,NETWORKDAYS(Q47,S47,Feriados!$I$2:$I$22)-1,"NO APLICA") -> 28 | X47: =SUM(U47-TODAY()) -> -422 | AB47: NO | AC47: MULTISECTORIAL
A48: 47 | B48: 31 | C48: =IF(ISERROR(VLOOKUP(I48,[1]DEP!$B$3:$E$583,1,FALSE)),"NO","SI") -> NO | D48: =IF(ISERROR(VLOOKUP(I48,[2]FRG!$S$19:$U$288,1,FALSE)),"NO","SI") -> NO | E48: =IF(ISERROR(VLOOKUP(I48,'[4]ARI 26 C33'!$C$1:$D$490,1,FALSE)),"NO","SI") -> SI | F48: LLANQUIHUE | G48: PUERTO VARAS | H48: MUNICIPALIDAD PUERTO VARAS | I48: 40064856 | J48: CONSERVACION VÍAS URBANAS DE PUERTO VARAS | K48: 920256000 | L48: Fabián Rutte | M48: CUMPLE RT | N48: 45860 | O48: 45902 | P48: =IF(NETWORKDAYS(N48,O48,Feriados!$I$2:$I$22)-1>=0,NETWORKDAYS(N48,O48,Feriados!$I$2:$I$22)-1,"NO APLICA") -> 29 | Q48: 45940 | R48: =+Q48+T48 -> 45955 | S48: 45959 | T48: 15 | U48: =WORKDAY(Q48,T48,Feriados!$I$2:$I$22) -> 45964 | V48: =+S48-Q48 -> 19 | W48: =IF(NETWORKDAYS(Q48,S48,Feriados!$I$2:$I$22)-1>=0,NETWORKDAYS(Q48,S48,Feriados!$I$2:$I$22)-1,"NO APLICA") -> 13 | X48: =SUM(U48-TODAY()) -> -332 | Y48: 2.878/30-10-2025 | Z48: PAV. URBANOS | AB48: NO | AC48: TRANSPORTE
A49: 48 | B49: 31 | C49: =IF(ISERROR(VLOOKUP(I49,[1]DEP!$B$3:$E$583,1,FALSE)),"NO","SI") -> NO | D49: =IF(ISERROR(VLOOKUP(I49,[2]FRG!$S$19:$U$288,1,FALSE)),"NO","SI") -> NO | E49: =IF(ISERROR(VLOOKUP(I49,'[4]ARI 26 C33'!$C$1:$D$490,1,FALSE)),"NO","SI") -> SI | F49: OSORNO | G49: SAN JUAN DE LA COSTA | H49: MUNICIPALIDAD SAN JUAN DE LA COSTA | I49: 40071828 | J49: CONSERVACION CAMINOS NO ENROLADOS QUIZAS-CHEUQUEMAPU, SAN JUAN DE LA COSTA | K49: 1002049000 | L49: Fabián Rutte | M49: CUMPLE RT | N49: 45891 | O49: 45896 | P49: =IF(NETWORKDAYS(N49,O49,Feriados!$I$2:$I$22)-1>=0,NETWORKDAYS(N49,O49,Feriados!$I$2:$I$22)-1,"NO APLICA") -> 3 | Q49: 45930 | R49: =+Q49+T49 -> 45945 | S49: 45896 | T49: 15 | U49: =WORKDAY(Q49,T49,Feriados!$I$2:$I$22) -> 45951 | V49: =+S49-Q49 -> -34 | W49: =IF(NETWORKDAYS(Q49,S49,Feriados!$I$2:$I$22)-1>=0,NETWORKDAYS(Q49,S49,Feriados!$I$2:$I$22)-1,"NO APLICA") -> NO APLICA | X49: =SUM(U49-TODAY()) -> -345 | Y49: 2.977/06-11-2025 | Z49: CNOS NO ENROLADOS | AB49: NO | AC49: TRANSPORTE
A50: 49 | B50: 29 | C50: =IF(ISERROR(VLOOKUP(I50,[1]DEP!$B$3:$E$583,1,FALSE)),"NO","SI") -> NO | D50: =IF(ISERROR(VLOOKUP(I50,[2]FRG!$S$19:$U$288,1,FALSE)),"NO","SI") -> NO | E50: =IF(ISERROR(VLOOKUP(I50,'[4]ARI 26 C33'!$C$1:$D$490,1,FALSE)),"NO","SI") -> SI | F50: OSORNO | G50: RÍO NEGRO | H50: MUNICIPALIDAD RÍO NEGRO | I50: 40073026 | J50: ADQUISICION REPOSICIÓN DOS CAMIONES TOLVA PARA LA COMUNA DE RÍO NEGRO | K50: 346338000 | L50: Fabián Rutte | M50: CUMPLE RT | N50: 45860 | O50: 45894 | P50: =IF(NETWORKDAYS(N50,O50,Feriados!$I$2:$I$22)-1>=0,NETWORKDAYS(N50,O50,Feriados!$I$2:$I$22)-1,"NO APLICA") -> 23 | Q50: 45947 | R50: =+Q50+T50 -> 45962 | S50: 45959 | T50: 15 | U50: =WORKDAY(Q50,T50,Feriados!$I$2:$I$22) -> 45971 | V50: =+S50-Q50 -> 12 | W50: =IF(NETWORKDAYS(Q50,S50,Feriados!$I$2:$I$22)-1>=0,NETWORKDAYS(Q50,S50,Feriados!$I$2:$I$22)-1,"NO APLICA") -> 8 | X50: =SUM(U50-TODAY()) -> -325 | Y50: 2.949/01-11-2025 | AB50: NO | AC50: TRANSPORTE
A51: 50 | B51: 29 | C51: =IF(ISERROR(VLOOKUP(I51,[1]DEP!$B$3:$E$583,1,FALSE)),"NO","SI") -> NO | D51: =IF(ISERROR(VLOOKUP(I51,[2]FRG!$S$19:$U$288,1,FALSE)),"NO","SI") -> NO | E51: =IF(ISERROR(VLOOKUP(I51,'[4]ARI 26 C33'!$C$1:$D$490,1,FALSE)),"NO","SI") -> NO | F51: LLANQUIHUE | G51: COCHAMÓ | H51: MUNICIPALIDAD COCHAMÓ | I51: 40072628 | J51: REPOSICION MAQUINARIA MUNICIPAL | K51: 757658000 | L51: Fabián Rutte | M51: CUMPLE RT | N51: 45862 | O51: 45905 | P51: =IF(NETWORKDAYS(N51,O51,Feriados!$I$2:$I$22)-1>=0,NETWORKDAYS(N51,O51,Feriados!$I$2:$I$22)-1,"NO APLICA") -> 30 | Q51: 45960 | R51: =+Q51+T51 -> 45975 | S51: 45971 | T51: 15 | U51: =WORKDAY(Q51,T51,Feriados!$I$2:$I$22) -> 45982 | V51: =+S51-Q51 -> 11 | W51: =IF(NETWORKDAYS(Q51,S51,Feriados!$I$2:$I$22)-1>=0,NETWORKDAYS(Q51,S51,Feriados!$I$2:$I$22)-1,"NO APLICA") -> 6 | X51: =SUM(U51-TODAY()) -> -314 | Y51: 3.020/10-11-2025 | Z51: MAQ. CNOS | AB51: NO | AC51: TRANSPORTE
A52: 51 | B52: 31 | C52: =IF(ISERROR(VLOOKUP(I52,[1]DEP!$B$3:$E$583,1,FALSE)),"NO","SI") -> NO | D52: =IF(ISERROR(VLOOKUP(I52,[2]FRG!$S$19:$U$288,1,FALSE)),"NO","SI") -> NO | E52: =IF(ISERROR(VLOOKUP(I52,'[4]ARI 26 C33'!$C$1:$D$490,1,FALSE)),"NO","SI") -> SI | F52: LLANQUIHUE | G52: PUERTO MONTT | H52: MUNICIPALIDAD PUERTO MONTT | I52: 40072266 | J52: CONSERVACION CENTRO SERVICIOS SALUD COMUNAL | K52: 1602366000 | L52: Fabián Rutte | M52: CUMPLE RT | N52: 45863 | O52: 45908 | P52: =IF(NETWORKDAYS(N52,O52,Feriados!$I$2:$I$22)-1>=0,NETWORKDAYS(N52,O52,Feriados!$I$2:$I$22)-1,"NO APLICA") -> 30 | Q52: 45959 | R52: =+Q52+T52 -> 45974 | S52: 45968 | T52: 15 | U52: =WORKDAY(Q52,T52,Feriados!$I$2:$I$22) -> 45981 | V52: =+S52-Q52 -> 9 | W52: =IF(NETWORKDAYS(Q52,S52,Feriados!$I$2:$I$22)-1>=0,NETWORKDAYS(Q52,S52,Feriados!$I$2:$I$22)-1,"NO APLICA") -> 6 | X52: =SUM(U52-TODAY()) -> -315 | Y52: 3.018/10-11-2025 | AB52: NO | AC52: SALUD
A53: 52 | B53: 29 | C53: =IF(ISERROR(VLOOKUP(I53,[1]DEP!$B$3:$E$583,1,FALSE)),"NO","SI") -> SI | D53: =IF(ISERROR(VLOOKUP(I53,[2]FRG!$S$19:$U$288,1,FALSE)),"NO","SI") -> NO | E53: =IF(ISERROR(VLOOKUP(I53,'[4]ARI 26 C33'!$C$1:$D$490,1,FALSE)),"NO","SI") -> SI | F53: CHILOÉ | G53: QUEMCHI | H53: MUNICIPALIDAD QUEMCHI | I53: 40043567 | J53: ADQUISICION Y REPOSICIÓN MAQUINARIA VIAL, COMUNA QUEMCHI. | L53: Fabián Rutte | M53: OBSERVADO | N53: 45863 | O53: 45910 | P53: =IF(NETWORKDAYS(N53,O53,Feriados!$I$2:$I$22)-1>=0,NETWORKDAYS(N53,O53,Feriados!$I$2:$I$22)-1,"NO APLICA") -> 32 | Q53: 45863 | R53: =+Q53+T53 -> 45878 | S53: 45910 | T53: 15 | U53: =WORKDAY(Q53,T53,Feriados!$I$2:$I$22) -> 45887 | V53: =+S53-Q53 -> 47 | W53: =IF(NETWORKDAYS(Q53,S53,Feriados!$I$2:$I$22)-1>=0,NETWORKDAYS(Q53,S53,Feriados!$I$2:$I$22)-1,"NO APLICA") -> 32 | X53: =SUM(U53-TODAY()) -> -409 | AB53: NO | AC53: TRANSPORTE
A54: 53 | B54: 29 | C54: =IF(ISERROR(VLOOKUP(I54,[1]DEP!$B$3:$E$583,1,FALSE)),"NO","SI") -> NO | D54: =IF(ISERROR(VLOOKUP(I54,[2]FRG!$S$19:$U$288,1,FALSE)),"NO","SI") -> NO | E54: =IF(ISERROR(VLOOKUP(I54,'[4]ARI 26 C33'!$C$1:$D$490,1,FALSE)),"NO","SI") -> SI | F54: OSORNO | G54: SAN JUAN DE LA COSTA | H54: MUNICIPALIDAD SAN JUAN DE LA COSTA | I54: 40062700 | J54: ADQUISICION VEHÍCULO MUNICIPAL, AMBULANCIA DEPARTAMENTO SALUD COMUNA SAN JUAN DE LA COSTA | K54: 159900000 | L54: Fabián Rutte | M54: CUMPLE RT | N54: 45863 | O54: 45903 | P54: =IF(NETWORKDAYS(N54,O54,Feriados!$I$2:$I$22)-1>=0,NETWORKDAYS(N54,O54,Feriados!$I$2:$I$22)-1,"NO APLICA") -> 27 | Q54: 45940 | R54: =+Q54+T54 -> 45955 | S54: 45957 | T54: 15 | U54: =WORKDAY(Q54,T54,Feriados!$I$2:$I$22) -> 45964 | V54: =+S54-Q54 -> 17 | W54: =IF(NETWORKDAYS(Q54,S54,Feriados!$I$2:$I$22)-1>=0,NETWORKDAYS(Q54,S54,Feriados!$I$2:$I$22)-1,"NO APLICA") -> 11 | X54: =SUM(U54-TODAY()) -> -332 | Y54: 2.843/28-10-2025 | Z54: AMBULANCIAS | AB54: NO | AC54: SALUD
A55: 54 | B55: 29 | C55: =IF(ISERROR(VLOOKUP(I55,[1]DEP!$B$3:$E$583,1,FALSE)),"NO","SI") -> NO | D55: =IF(ISERROR(VLOOKUP(I55,[2]FRG!$S$19:$U$288,1,FALSE)),"NO","SI") -> NO | E55: =IF(ISERROR(VLOOKUP(I55,'[4]ARI 26 C33'!$C$1:$D$490,1,FALSE)),"NO","SI") -> SI | F55: LLANQUIHUE | G55: PUERTO MONTT | H55: MUNICIPALIDAD PUERTO MONTT | I55: 40070609 | J55: ADQUISICION DE VEHÍCULOS PARA PATRULLAJE MIXTO SEGURIDAD PÚBLICA, COMUNA DE PUERTO MONTT | K55: 330939000 | L55: Fabián Rutte | M55: CUMPLE RT | N55: 45870 | O55: 45908 | P55: =IF(NETWORKDAYS(N55,O55,Feriados!$I$2:$I$22)-1>=0,NETWORKDAYS(N55,O55,Feriados!$I$2:$I$22)-1,"NO APLICA") -> 25 | Q55: 45939 | R55: =+Q55+T55 -> 45954 | S55: 45958 | T55: 15 | U55: =WORKDAY(Q55,T55,Feriados!$I$2:$I$22) -> 45960 | V55: =+S55-Q55 -> 19 | W55: =IF(NETWORKDAYS(Q55,S55,Feriados!$I$2:$I$22)-1>=0,NETWORKDAYS(Q55,S55,Feriados!$I$2:$I$22)-1,"NO APLICA") -> 13 | X55: =SUM(U55-TODAY()) -> -336 | Y55: 2.842/28-10-2025 | Z55: VEHICULOS | AB55: NO | AC55: SEGURIDAD
A56: 55 | B56: 29 | C56: =IF(ISERROR(VLOOKUP(I56,[1]DEP!$B$3:$E$583,1,FALSE)),"NO","SI") -> NO | D56: =IF(ISERROR(VLOOKUP(I56,[2]FRG!$S$19:$U$288,1,FALSE)),"NO","SI") -> NO | E56: =IF(ISERROR(VLOOKUP(I56,'[4]ARI 26 C33'!$C$1:$D$490,1,FALSE)),"NO","SI") -> NO | F56: OSORNO | G56: SAN PABLO | H56: MUNICIPALIDAD SAN PABLO | I56: 40074688 | J56: ADQUISICION FURGONES MUNICIPALES DEPARTAMENTO DE SALUD Y DIDECO SAN PABLO | L56: Fabián Rutte | M56: OBSERVADO | N56: 45874 | O56: 45911 | P56: =IF(NETWORKDAYS(N56,O56,Feriados!$I$2:$I$22)-1>=0,NETWORKDAYS(N56,O56,Feriados!$I$2:$I$22)-1,"NO APLICA") -> 26 | Q56: 45947 | R56: =+Q56+T56 -> 45962 | S56: 45987 | T56: 15 | U56: =WORKDAY(Q56,T56,Feriados!$I$2:$I$22) -> 45971 | V56: =+S56-Q56 -> 40 | W56: =IF(NETWORKDAYS(Q56,S56,Feriados!$I$2:$I$22)-1>=0,NETWORKDAYS(Q56,S56,Feriados!$I$2:$I$22)-1,"NO APLICA") -> 27 | X56: =SUM(U56-TODAY()) -> -325 | AB56: NO | AC56: MULTISECTORIAL
A57: 56 | B57: 29 | C57: =IF(ISERROR(VLOOKUP(I57,[1]DEP!$B$3:$E$583,1,FALSE)),"NO","SI") -> NO | D57: =IF(ISERROR(VLOOKUP(I57,[2]FRG!$S$19:$U$288,1,FALSE)),"NO","SI") -> NO | E57: =IF(ISERROR(VLOOKUP(I57,'[4]ARI 26 C33'!$C$1:$D$490,1,FALSE)),"NO","SI") -> SI | F57: CHILOÉ | G57: CHONCHI | H57: MUNICIPALIDAD CHONCHI | I57: 40071472 | J57: ADQUISICION DE VEHICULO Y MAQUINARIA PESADA PARA LA COMUNA DE CHONCHI | K57: 812313000 | L57: Fabián Rutte | M57: CUMPLE RT | N57: 45880 | O57: 45915 | P57: =IF(NETWORKDAYS(N57,O57,Feriados!$I$2:$I$22)-1>=0,NETWORKDAYS(N57,O57,Feriados!$I$2:$I$22)-1,"NO APLICA") -> 24 | Q57: 45946 | R57: =+Q57+T57 -> 45961 | S57: 45915 | T57: 15 | U57: =WORKDAY(Q57,T57,Feriados!$I$2:$I$22) -> 45968 | V57: =+S57-Q57 -> -31 | W57: =IF(NETWORKDAYS(Q57,S57,Feriados!$I$2:$I$22)-1>=0,NETWORKDAYS(Q57,S57,Feriados!$I$2:$I$22)-1,"NO APLICA") -> NO APLICA | X57: =SUM(U57-TODAY()) -> -328 | Y57: 2.841/28-10-2025 | Z57: MAQ. CNOS | AB57: NO | AC57: TRANSPORTE
A58: 57 | B58: 29 | C58: =IF(ISERROR(VLOOKUP(I58,[1]DEP!$B$3:$E$583,1,FALSE)),"NO","SI") -> NO | D58: =IF(ISERROR(VLOOKUP(I58,[2]FRG!$S$19:$U$288,1,FALSE)),"NO","SI") -> NO | E58: =IF(ISERROR(VLOOKUP(I58,'[4]ARI 26 C33'!$C$1:$D$490,1,FALSE)),"NO","SI") -> NO | F58: OSORNO | G58: PURRANQUE | H58: MUNICIPALIDAD PURRANQUE | I58: 40074484 | J58: REPOSICION CAMIONES COMPACTADORES PARA LA RECOLECCIÓN DE RSD | L58: Fabián Rutte | M58: OBSERVADO | N58: 45881 | O58: 45930 | P58: =IF(NETWORKDAYS(N58,O58,Feriados!$I$2:$I$22)-1>=0,NETWORKDAYS(N58,O58,Feriados!$I$2:$I$22)-1,"NO APLICA") -> 32 | Q58: 45881 | R58: =+Q58+T58 -> 45896 | S58: 45930 | T58: 15 | U58: =WORKDAY(Q58,T58,Feriados!$I$2:$I$22) -> 45903 | V58: =+S58-Q58 -> 49 | W58: =IF(NETWORKDAYS(Q58,S58,Feriados!$I$2:$I$22)-1>=0,NETWORKDAYS(Q58,S58,Feriados!$I$2:$I$22)-1,"NO APLICA") -> 32 | X58: =SUM(U58-TODAY()) -> -393 | AB58: NO | AC58: RECURSOS NATURALES Y MEDIO AMBIENTE / MEDIO AMBIENTE
A59: 58 | B59: 29 | C59: =IF(ISERROR(VLOOKUP(I59,[1]DEP!$B$3:$E$583,1,FALSE)),"NO","SI") -> NO | D59: =IF(ISERROR(VLOOKUP(I59,[2]FRG!$S$19:$U$288,1,FALSE)),"NO","SI") -> NO | E59: =IF(ISERROR(VLOOKUP(I59,'[4]ARI 26 C33'!$C$1:$D$490,1,FALSE)),"NO","SI") -> SI | F59: OSORNO | G59: PUERTO OCTAY | H59: MUNICIPALIDAD PUERTO OCTAY | I59: 40072947 | J59: REPOSICION TRACTO CAMION CON CAMA BAJA, PUERTO OCTAY | L59: Fabián Rutte | M59: OBSERVADO | N59: 45887 | O59: 45922 | P59: =IF(NETWORKDAYS(N59,O59,Feriados!$I$2:$I$22)-1>=0,NETWORKDAYS(N59,O59,Feriados!$I$2:$I$22)-1,"NO APLICA") -> 23 | Q59: 45887 | R59: =+Q59+T59 -> 45902 | S59: 45922 | T59: 15 | U59: =WORKDAY(Q59,T59,Feriados!$I$2:$I$22) -> 45908 | V59: =+S59-Q59 -> 35 | W59: =IF(NETWORKDAYS(Q59,S59,Feriados!$I$2:$I$22)-1>=0,NETWORKDAYS(Q59,S59,Feriados!$I$2:$I$22)-1,"NO APLICA") -> 23 | X59: =SUM(U59-TODAY()) -> -388 | AB59: NO | AC59: TRANSPORTE
A60: 59 | B60: 31 | C60: =IF(ISERROR(VLOOKUP(I60,[1]DEP!$B$3:$E$583,1,FALSE)),"NO","SI") -> NO | D60: =IF(ISERROR(VLOOKUP(I60,[2]FRG!$S$19:$U$288,1,FALSE)),"NO","SI") -> NO | E60: =IF(ISERROR(VLOOKUP(I60,'[4]ARI 26 C33'!$C$1:$D$490,1,FALSE)),"NO","SI") -> SI | F60: OSORNO | G60: SAN PABLO | H60: MUNICIPALIDAD SAN PABLO | I60: 40070438 | J60: CONSERVACION CAMINOS NO ENROLADOS SECTORES PUTABLA, QUILEN Y CHIFCA, COMUNA DE SAN PABLO | K60: 406477000 | L60: Fabián Rutte | M60: CUMPLE RT | N60: 45883 | O60: 45932 | P60: =IF(NETWORKDAYS(N60,O60,Feriados!$I$2:$I$22)-1>=0,NETWORKDAYS(N60,O60,Feriados!$I$2:$I$22)-1,"NO APLICA") -> 32 | Q60: 45959 | R60: =+Q60+T60 -> 45974 | S60: 45974 | T60: 15 | U60: =WORKDAY(Q60,T60,Feriados!$I$2:$I$22) -> 45981 | V60: =+S60-Q60 -> 15 | W60: =IF(NETWORKDAYS(Q60,S60,Feriados!$I$2:$I$22)-1>=0,NETWORKDAYS(Q60,S60,Feriados!$I$2:$I$22)-1,"NO APLICA") -> 10 | X60: =SUM(U60-TODAY()) -> -315 | Y60: 3.071/13-11-2025 | AB60: NO | AC60: TRANSPORTE
A61: 60 | B61: 29 | C61: =IF(ISERROR(VLOOKUP(I61,[1]DEP!$B$3:$E$583,1,FALSE)),"NO","SI") -> NO | D61: =IF(ISERROR(VLOOKUP(I61,[2]FRG!$S$19:$U$288,1,FALSE)),"NO","SI") -> SI | E61: =IF(ISERROR(VLOOKUP(I61,'[4]ARI 26 C33'!$C$1:$D$490,1,FALSE)),"NO","SI") -> SI | F61: LLANQUIHUE | G61: FRESIA | H61: MUNICIPALIDAD FRESIA | I61: 30340925 | J61: REEV REPOSICION EQUIPOS LUMINARIAS PUBLICAS COMUNA DE FRESIA | K61: 650972000 | L61: Fabián Rutte | M61: CUMPLE RT | P61: =IF(NETWORKDAYS(N61,O61,Feriados!$I$2:$I$22)-1>=0,NETWORKDAYS(N61,O61,Feriados!$I$2:$I$22)-1,"NO APLICA") -> NO APLICA | Q61: 46009 | R61: =+Q61+T61 -> 46019 | S61: 46020 | T61: 10 | U61: =WORKDAY(Q61,T61,Feriados!$I$2:$I$22) -> 46024 | V61: =+S61-Q61 -> 11 | W61: =IF(NETWORKDAYS(Q61,S61,Feriados!$I$2:$I$22)-1>=0,NETWORKDAYS(Q61,S61,Feriados!$I$2:$I$22)-1,"NO APLICA") -> 6 | X61: =SUM(U61-TODAY()) -> -272 | Y61: M-1.457/29-12-2025 | Z61: LUMINARIAS | AB61: SI | AC61: ENERGÍA
A62: 61 | B62: 29 | C62: =IF(ISERROR(VLOOKUP(I62,[1]DEP!$B$3:$E$583,1,FALSE)),"NO","SI") -> SI | D62: =IF(ISERROR(VLOOKUP(I62,[2]FRG!$S$19:$U$288,1,FALSE)),"NO","SI") -> SI | E62: =IF(ISERROR(VLOOKUP(I62,'[4]ARI 26 C33'!$C$1:$D$490,1,FALSE)),"NO","SI") -> SI | F62: LLANQUIHUE | G62: MAULLÍN | H62: MUNICIPALIDAD MAULLÍN | I62: 40007939 | J62: REEV REPOSICION EQUIPOS DE ALUMBRADO PUBLICO CON TECNOLOGIA LED COMUNA DE MAULLÍN | L62: Fabián Rutte | M62: SS ENERGÍA | P62: =IF(NETWORKDAYS(N62,O62,Feriados!$I$2:$I$22)-1>=0,NETWORKDAYS(N62,O62,Feriados!$I$2:$I$22)-1,"NO APLICA") -> NO APLICA | Q62: 45939 | R62: =+Q62+T62 -> 45949 | S62: 45940 | T62: 10 | U62: =WORKDAY(Q62,T62,Feriados!$I$2:$I$22) -> 45953 | V62: =+S62-Q62 -> 1 | W62: =IF(NETWORKDAYS(Q62,S62,Feriados!$I$2:$I$22)-1>=0,NETWORKDAYS(Q62,S62,Feriados!$I$2:$I$22)-1,"NO APLICA") -> 1 | X62: =SUM(U62-TODAY()) -> -343 | AB62: SI | AC62: ENERGÍA
A63: 62 | B63: 29 | C63: =IF(ISERROR(VLOOKUP(I63,[1]DEP!$B$3:$E$583,1,FALSE)),"NO","SI") -> NO | D63: =IF(ISERROR(VLOOKUP(I63,[2]FRG!$S$19:$U$288,1,FALSE)),"NO","SI") -> NO | E63: =IF(ISERROR(VLOOKUP(I63,'[4]ARI 26 C33'!$C$1:$D$490,1,FALSE)),"NO","SI") -> SI | F63: CHILOÉ | G63: QUEILÉN | H63: MUNICIPALIDAD QUEILÉN | I63: 40072958 | J63: ADQUISICION CAMIÓN RSD URBANO Y ADQUISICIÓN CONTENEDORES, QUEILEN | L63: Fabián Rutte | M63: OBSERVADO | N63: 45924 | O63: 45946 | P63: =IF(NETWORKDAYS(N63,O63,Feriados!$I$2:$I$22)-1>=0,NETWORKDAYS(N63,O63,Feriados!$I$2:$I$22)-1,"NO APLICA") -> 16 | Q63: 45924 | R63: =+Q63+T63 -> 45939 | S63: 45946 | T63: 15 | U63: =WORKDAY(Q63,T63,Feriados!$I$2:$I$22) -> 45945 | V63: =+S63-Q63 -> 22 | W63: =IF(NETWORKDAYS(Q63,S63,Feriados!$I$2:$I$22)-1>=0,NETWORKDAYS(Q63,S63,Feriados!$I$2:$I$22)-1,"NO APLICA") -> 16 | X63: =SUM(U63-TODAY()) -> -351 | AB63: NO | AC63: RECURSOS NATURALES Y MEDIO AMBIENTE / MEDIO AMBIENTE
A64: 63 | B64: 31 | C64: =IF(ISERROR(VLOOKUP(I64,[1]DEP!$B$3:$E$583,1,FALSE)),"NO","SI") -> NO | D64: =IF(ISERROR(VLOOKUP(I64,[2]FRG!$S$19:$U$288,1,FALSE)),"NO","SI") -> SI | E64: =IF(ISERROR(VLOOKUP(I64,'[4]ARI 26 C33'!$C$1:$D$490,1,FALSE)),"NO","SI") -> SI | F64: PALENA | G64: FUTALEUFÚ | H64: MUNICIPALIDAD FUTALEUFÚ | I64: 40056911 | J64: REEV CONSERVACION DE CAMINOS NO ENROLADOS DE 4 SECTORES RURALES COMUNA DE FUTALEUFU | K64: 693008000 | L64: Fabián Rutte | M64: CUMPLE RT | P64: =IF(NETWORKDAYS(N64,O64,Feriados!$I$2:$I$22)-1>=0,NETWORKDAYS(N64,O64,Feriados!$I$2:$I$22)-1,"NO APLICA") -> NO APLICA | Q64: 45923 | R64: =+Q64+T64 -> 45933 | S64: 45931 | T64: 10 | U64: =WORKDAY(Q64,T64,Feriados!$I$2:$I$22) -> 45937 | V64: =+S64-Q64 -> 8 | W64: =IF(NETWORKDAYS(Q64,S64,Feriados!$I$2:$I$22)-1>=0,NETWORKDAYS(Q64,S64,Feriados!$I$2:$I$22)-1,"NO APLICA") -> 6 | X64: =SUM(U64-TODAY()) -> -359 | Y64: 4.669/29-12-23 | Z64: CNOS NO ENROLADOS | AA64: 68 | AB64: SI | AC64: TRANSPORTE
A65: 64 | B65: 31 | C65: =IF(ISERROR(VLOOKUP(I65,[1]DEP!$B$3:$E$583,1,FALSE)),"NO","SI") -> NO | D65: =IF(ISERROR(VLOOKUP(I65,[2]FRG!$S$19:$U$288,1,FALSE)),"NO","SI") -> NO | E65: =IF(ISERROR(VLOOKUP(I65,'[4]ARI 26 C33'!$C$1:$D$490,1,FALSE)),"NO","SI") -> SI | F65: CHILOÉ | G65: CHONCHI | H65: MUNICIPALIDAD CHONCHI | I65: 40071482 | J65: CONSERVACION DE CAMINOS NO ENROLADOS EN SECTOR NORESTE, COMUNA DE CHONCHI | K65: 806312000 | L65: Fabián Rutte | M65: CUMPLE RT | N65: 45916 | O65: 45938 | P65: =IF(NETWORKDAYS(N65,O65,Feriados!$I$2:$I$22)-1>=0,NETWORKDAYS(N65,O65,Feriados!$I$2:$I$22)-1,"NO APLICA") -> 14 | Q65: 45954 | R65: =+Q65+T65 -> 45969 | S65: 45974 | T65: 15 | U65: =WORKDAY(Q65,T65,Feriados!$I$2:$I$22) -> 45978 | V65: =+S65-Q65 -> 20 | W65: =IF(NETWORKDAYS(Q65,S65,Feriados!$I$2:$I$22)-1>=0,NETWORKDAYS(Q65,S65,Feriados!$I$2:$I$22)-1,"NO APLICA") -> 13 | X65: =SUM(U65-TODAY()) -> -318 | Y65: 3.072/13-11-2025 | Z65: CNOS NO ENROLADOS | AB65: NO | AC65: TRANSPORTE
A66: 65 | B66: 29 | C66: =IF(ISERROR(VLOOKUP(I66,[1]DEP!$B$3:$E$583,1,FALSE)),"NO","SI") -> NO | D66: =IF(ISERROR(VLOOKUP(I66,[2]FRG!$S$19:$U$288,1,FALSE)),"NO","SI") -> NO | E66: =IF(ISERROR(VLOOKUP(I66,'[4]ARI 26 C33'!$C$1:$D$490,1,FALSE)),"NO","SI") -> NO | F66: OSORNO | G66: SAN PABLO | H66: MUNICIPALIDAD SAN PABLO | I66: 40074925 | J66: REPOSICION REPOSICION CAMIÓN COMPACTADOR PARA LA RECOLECCIÓN DE RSD | M66: OBSERVADO | N66: 45922 | O66: 45952 | P66: =IF(NETWORKDAYS(N66,O66,Feriados!$I$2:$I$22)-1>=0,NETWORKDAYS(N66,O66,Feriados!$I$2:$I$22)-1,"NO APLICA") -> 22 | Q66: 45922 | R66: =+Q66+T66 -> 45937 | S66: 45952 | T66: 15 | U66: =WORKDAY(Q66,T66,Feriados!$I$2:$I$22) -> 45943 | V66: =+S66-Q66 -> 30 | W66: =IF(NETWORKDAYS(Q66,S66,Feriados!$I$2:$I$22)-1>=0,NETWORKDAYS(Q66,S66,Feriados!$I$2:$I$22)-1,"NO APLICA") -> 22 | X66: =SUM(U66-TODAY()) -> -353 | AB66: NO | AC66: RECURSOS NATURALES Y MEDIO AMBIENTE / MEDIO AMBIENTE
A67: 66 | B67: 29 | C67: =IF(ISERROR(VLOOKUP(I67,[1]DEP!$B$3:$E$583,1,FALSE)),"NO","SI") -> NO | D67: =IF(ISERROR(VLOOKUP(I67,[2]FRG!$S$19:$U$288,1,FALSE)),"NO","SI") -> NO | E67: =IF(ISERROR(VLOOKUP(I67,'[4]ARI 26 C33'!$C$1:$D$490,1,FALSE)),"NO","SI") -> NO | F67: LLANQUIHUE | G67: FRESIA | H67: MUNICIPALIDAD FRESIA | I67: 40075366 | J67: ADQUISICION MOTONIVELADORA , RODILLO Y MINI CARGADOR | L67: Fabián Rutte | M67: OBSERVADO | N67: 45924 | O67: 45972 | P67: =IF(NETWORKDAYS(N67,O67,Feriados!$I$2:$I$22)-1>=0,NETWORKDAYS(N67,O67,Feriados!$I$2:$I$22)-1,"NO APLICA") -> 33 | Q67: 46000 | R67: =+Q67+T67 -> 46015 | S67: 46014 | T67: 15 | U67: =WORKDAY(Q67,T67,Feriados!$I$2:$I$22) -> 46022 | V67: =+S67-Q67 -> 14 | W67: =IF(NETWORKDAYS(Q67,S67,Feriados!$I$2:$I$22)-1>=0,NETWORKDAYS(Q67,S67,Feriados!$I$2:$I$22)-1,"NO APLICA") -> 10 | X67: =SUM(U67-TODAY()) -> -274 | AB67: NO | AC67: TRANSPORTE
A68: 67 | B68: 29 | C68: =IF(ISERROR(VLOOKUP(I68,[1]DEP!$B$3:$E$583,1,FALSE)),"NO","SI") -> NO | D68: =IF(ISERROR(VLOOKUP(I68,[2]FRG!$S$19:$U$288,1,FALSE)),"NO","SI") -> NO | E68: =IF(ISERROR(VLOOKUP(I68,'[4]ARI 26 C33'!$C$1:$D$490,1,FALSE)),"NO","SI") -> NO | F68: CHILOÉ | G68: CASTRO | H68: SERVICIO SALUD CHILOÉ | I68: 40075714 | J68: REPOSICION Y ADQUISICIÓN DE EQUIPOS Y EQUIPAMIENTO PLAN DE CÁNCER DEL HOSPITAL DE CASTRO | M68: OBSERVADO | N68: 45925 | O68: 45952 | P68: =IF(NETWORKDAYS(N68,O68,Feriados!$I$2:$I$22)-1>=0,NETWORKDAYS(N68,O68,Feriados!$I$2:$I$22)-1,"NO APLICA") -> 19 | Q68: 45925 | R68: =+Q68+T68 -> 45940 | S68: 45952 | T68: 15 | U68: =WORKDAY(Q68,T68,Feriados!$I$2:$I$22) -> 45946 | V68: =+S68-Q68 -> 27 | W68: =IF(NETWORKDAYS(Q68,S68,Feriados!$I$2:$I$22)-1>=0,NETWORKDAYS(Q68,S68,Feriados!$I$2:$I$22)-1,"NO APLICA") -> 19 | X68: =SUM(U68-TODAY()) -> -350 | AB68: NO | AC68: SALUD
A69: 68 | B69: 31 | C69: =IF(ISERROR(VLOOKUP(I69,[1]DEP!$B$3:$E$583,1,FALSE)),"NO","SI") -> NO | D69: =IF(ISERROR(VLOOKUP(I69,[2]FRG!$S$19:$U$288,1,FALSE)),"NO","SI") -> NO | E69: =IF(ISERROR(VLOOKUP(I69,'[4]ARI 26 C33'!$C$1:$D$490,1,FALSE)),"NO","SI") -> SI | F69: LLANQUIHUE | G69: FRESIA | H69: MUNICIPALIDAD FRESIA | I69: 40073518 | J69: CONSERVACION ACERAS DIVERSOS SECTORES, COMUNA DE FRESIA | M69: OBSERVADO | N69: 45925 | O69: 45951 | P69: =IF(NETWORKDAYS(N69,O69,Feriados!$I$2:$I$22)-1>=0,NETWORKDAYS(N69,O69,Feriados!$I$2:$I$22)-1,"NO APLICA") -> 18 | Q69: 45925 | R69: =+Q69+T69 -> 45940 | S69: 45951 | T69: 15 | U69: =WORKDAY(Q69,T69,Feriados!$I$2:$I$22) -> 45946 | V69: =+S69-Q69 -> 26 | W69: =IF(NETWORKDAYS(Q69,S69,Feriados!$I$2:$I$22)-1>=0,NETWORKDAYS(Q69,S69,Feriados!$I$2:$I$22)-1,"NO APLICA") -> 18 | X69: =SUM(U69-TODAY()) -> -350 | AB69: NO | AC69: VIVIENDA Y URBANISMO
A70: 69 | B70: 22 | C70: =IF(ISERROR(VLOOKUP(I70,[1]DEP!$B$3:$E$583,1,FALSE)),"NO","SI") -> NO | D70: =IF(ISERROR(VLOOKUP(I70,[2]FRG!$S$19:$U$288,1,FALSE)),"NO","SI") -> NO | E70: =IF(ISERROR(VLOOKUP(I70,'[4]ARI 26 C33'!$C$1:$D$490,1,FALSE)),"NO","SI") -> SI | F70: X REGION | G70: X REGION | H70: GORE LOS LAGOS | I70: 40073955 | J70: ACTUALIZACION DISEÑO DE INDICADORES Y METAS PARA EL SEGUIMIENTO DEL PARCC LOS LAGOS | K70: 100000000 | L70: Fabián Rutte | M70: CUMPLE RT | N70: 45930 | O70: 45943 | P70: =IF(NETWORKDAYS(N70,O70,Feriados!$I$2:$I$22)-1>=0,NETWORKDAYS(N70,O70,Feriados!$I$2:$I$22)-1,"NO APLICA") -> 9 | Q70: 45992 | R70: =+Q70+T70 -> 46007 | S70: 45943 | T70: 15 | U70: =WORKDAY(Q70,T70,Feriados!$I$2:$I$22) -> 46014 | V70: =+S70-Q70 -> -49 | W70: =IF(NETWORKDAYS(Q70,S70,Feriados!$I$2:$I$22)-1>=0,NETWORKDAYS(Q70,S70,Feriados!$I$2:$I$22)-1,"NO APLICA") -> NO APLICA | X70: =SUM(U70-TODAY()) -> -282 | Y70: M-1.423/17-12-2025 | Z70: EPG | AB70: NO | AC70: MULTISECTORIAL
A71: 70 | B71: 22 | C71: =IF(ISERROR(VLOOKUP(I71,[1]DEP!$B$3:$E$583,1,FALSE)),"NO","SI") -> NO | D71: =IF(ISERROR(VLOOKUP(I71,[2]FRG!$S$19:$U$288,1,FALSE)),"NO","SI") -> NO | E71: =IF(ISERROR(VLOOKUP(I71,'[4]ARI 26 C33'!$C$1:$D$490,1,FALSE)),"NO","SI") -> SI | F71: CHILOÉ | G71: ANCUD | H71: MUNICIPALIDAD ANCUD | I71: 40014492 | J71: ACTUALIZACION PLAN REGULADOR COMUNA DE ANCUD | K71: 600000000 | L71: Fabián Rutte | M71: CUMPLE RT | N71: 45932 | O71: 45944 | P71: =IF(NETWORKDAYS(N71,O71,Feriados!$I$2:$I$22)-1>=0,NETWORKDAYS(N71,O71,Feriados!$I$2:$I$22)-1,"NO APLICA") -> 8 | Q71: 45992 | R71: =+Q71+T71 -> 46007 | S71: 46008 | T71: 15 | U71: =WORKDAY(Q71,T71,Feriados!$I$2:$I$22) -> 46014 | V71: =+S71-Q71 -> 16 | W71: =IF(NETWORKDAYS(Q71,S71,Feriados!$I$2:$I$22)-1>=0,NETWORKDAYS(Q71,S71,Feriados!$I$2:$I$22)-1,"NO APLICA") -> 11 | X71: =SUM(U71-TODAY()) -> -282 | Y71: 3.335/17-12-2025 | Z71: EPG | AB71: NO | AC71: VIVIENDA Y URBANISMO
A72: 71 | B72: 29 | C72: =IF(ISERROR(VLOOKUP(I72,[1]DEP!$B$3:$E$583,1,FALSE)),"NO","SI") -> NO | D72: =IF(ISERROR(VLOOKUP(I72,[2]FRG!$S$19:$U$288,1,FALSE)),"NO","SI") -> NO | E72: =IF(ISERROR(VLOOKUP(I72,'[4]ARI 26 C33'!$C$1:$D$490,1,FALSE)),"NO","SI") -> SI | F72: CHILOÉ | G72: QUEILEN | H72: MUNICIPALIDAD QUEILEN | I72: 40054224 | J72: REPOSICION LANCHA AMBULANCIA COMUNA DE QUEILEN | L72: Fabián Rutte | M72: OBSERVADO | N72: 45943 | O72: 45979 | P72: =IF(NETWORKDAYS(N72,O72,Feriados!$I$2:$I$22)-1>=0,NETWORKDAYS(N72,O72,Feriados!$I$2:$I$22)-1,"NO APLICA") -> 25 | Q72: 45943 | R72: =+Q72+T72 -> 45958 | S72: 45979 | T72: 15 | U72: =WORKDAY(Q72,T72,Feriados!$I$2:$I$22) -> 45965 | V72: =+S72-Q72 -> 36 | W72: =IF(NETWORKDAYS(Q72,S72,Feriados!$I$2:$I$22)-1>=0,NETWORKDAYS(Q72,S72,Feriados!$I$2:$I$22)-1,"NO APLICA") -> 25 | X72: =SUM(U72-TODAY()) -> -331 | Z72: AMBULANCIAS | AB72: NO | AC72: SALUD
A73: 72 | B73: 29 | C73: =IF(ISERROR(VLOOKUP(I73,[1]DEP!$B$3:$E$583,1,FALSE)),"NO","SI") -> SI | D73: =IF(ISERROR(VLOOKUP(I73,[2]FRG!$S$19:$U$288,1,FALSE)),"NO","SI") -> NO | E73: =IF(ISERROR(VLOOKUP(I73,'[4]ARI 26 C33'!$C$1:$D$490,1,FALSE)),"NO","SI") -> SI | F73: CHILOÉ | G73: CASTRO | H73: MUNICIPALIDAD CASTRO | I73: 40043234 | J73: REPOSICION CAMIÓN TOLVA Y RETROEXCAVADORAS MUNICIPALIDAD DE CASTRO | L73: Fabián Rutte | M73: OBSERVADO | N73: 45944 | O73: 45982 | P73: =IF(NETWORKDAYS(N73,O73,Feriados!$I$2:$I$22)-1>=0,NETWORKDAYS(N73,O73,Feriados!$I$2:$I$22)-1,"NO APLICA") -> 27 | Q73: 45944 | R73: =+Q73+T73 -> 45959 | S73: 45982 | T73: 15 | U73: =WORKDAY(Q73,T73,Feriados!$I$2:$I$22) -> 45966 | V73: =+S73-Q73 -> 38 | W73: =IF(NETWORKDAYS(Q73,S73,Feriados!$I$2:$I$22)-1>=0,NETWORKDAYS(Q73,S73,Feriados!$I$2:$I$22)-1,"NO APLICA") -> 27 | X73: =SUM(U73-TODAY()) -> -330 | Z73: MAQ. CNOS | AB73: NO | AC73: TRANSPORTE
A74: 73 | B74: 31 | C74: =IF(ISERROR(VLOOKUP(I74,[1]DEP!$B$3:$E$583,1,FALSE)),"NO","SI") -> NO | D74: =IF(ISERROR(VLOOKUP(I74,[2]FRG!$S$19:$U$288,1,FALSE)),"NO","SI") -> NO | E74: =IF(ISERROR(VLOOKUP(I74,'[4]ARI 26 C33'!$C$1:$D$490,1,FALSE)),"NO","SI") -> SI | F74: OSORNO | G74: SAN JUAN DE LA COSTA | H74: MUNICIPALIDAD SAN JUAN DE LA COSTA | I74: 40071304 | J74: CONSERVACION CAMINOS NO ENROLADOS MAICOLPI Y OTROS SECTORES, SAN JUAN DE LA COSTA | L74: Fabián Rutte | M74: OBSERVADO | N74: 45940 | O74: 45985 | P74: =IF(NETWORKDAYS(N74,O74,Feriados!$I$2:$I$22)-1>=0,NETWORKDAYS(N74,O74,Feriados!$I$2:$I$22)-1,"NO APLICA") -> 30 | Q74: 45940 | R74: =+Q74+T74 -> 45955 | S74: 45985 | T74: 15 | U74: =WORKDAY(Q74,T74,Feriados!$I$2:$I$22) -> 45964 | V74: =+S74-Q74 -> 45 | W74: =IF(NETWORKDAYS(Q74,S74,Feriados!$I$2:$I$22)-1>=0,NETWORKDAYS(Q74,S74,Feriados!$I$2:$I$22)-1,"NO APLICA") -> 30 | X74: =SUM(U74-TODAY()) -> -332 | AB74: NO | AC74: TRANSPORTE
A75: 74 | B75: 31 | C75: =IF(ISERROR(VLOOKUP(I75,[1]DEP!$B$3:$E$583,1,FALSE)),"NO","SI") -> SI | D75: =IF(ISERROR(VLOOKUP(I75,[2]FRG!$S$19:$U$288,1,FALSE)),"NO","SI") -> NO | E75: =IF(ISERROR(VLOOKUP(I75,'[4]ARI 26 C33'!$C$1:$D$490,1,FALSE)),"NO","SI") -> SI | F75: LLANQUIHUE | G75: MAULLÍN | H75: MUNICIPALIDAD MAULLÍN | I75: 40038210 | J75: CONSERVACION CAMINOS VECINALES EN 6 SECTORES RURALES, COMUNA DE MAULLIN | L75: Fabián Rutte | M75: OBSERVADO | N75: 45951 | P75: =IF(NETWORKDAYS(N75,O75,Feriados!$I$2:$I$22)-1>=0,NETWORKDAYS(N75,O75,Feriados!$I$2:$I$22)-1,"NO APLICA") -> NO APLICA | Q75: 45951 | R75: =+Q75+T75 -> 45966 | T75: 15 | U75: =WORKDAY(Q75,T75,Feriados!$I$2:$I$22) -> 45973 | V75: =+S75-Q75 -> -45951 | W75: =IF(NETWORKDAYS(Q75,S75,Feriados!$I$2:$I$22)-1>=0,NETWORKDAYS(Q75,S75,Feriados!$I$2:$I$22)-1,"NO APLICA") -> NO APLICA | X75: =SUM(U75-TODAY()) -> -323 | AB75: NO | AC75: TRANSPORTE
A76: 75 | B76: 29 | C76: =IF(ISERROR(VLOOKUP(I76,[1]DEP!$B$3:$E$583,1,FALSE)),"NO","SI") -> SI | D76: =IF(ISERROR(VLOOKUP(I76,[2]FRG!$S$19:$U$288,1,FALSE)),"NO","SI") -> SI | E76: =IF(ISERROR(VLOOKUP(I76,'[4]ARI 26 C33'!$C$1:$D$490,1,FALSE)),"NO","SI") -> NO | F76: REGIONAL | G76: REGIONAL | H76: REGION POLICIAL LOS LAGOS PDI | I76: 40020318 | J76: REEV REPOSICION VEHÍCULOS PDI, REGIÓN POLICIAL DE LOS LAGOS | K76: 673588000 | L76: Fabián Rutte | M76: CUMPLE RT | P76: =IF(NETWORKDAYS(N76,O76,Feriados!$I$2:$I$22)-1>=0,NETWORKDAYS(N76,O76,Feriados!$I$2:$I$22)-1,"NO APLICA") -> NO APLICA | Q76: 45957 | R76: =+Q76+T76 -> 45967 | S76: 45967 | T76: 10 | U76: =WORKDAY(Q76,T76,Feriados!$I$2:$I$22) -> 45972 | V76: =+S76-Q76 -> 10 | W76: =IF(NETWORKDAYS(Q76,S76,Feriados!$I$2:$I$22)-1>=0,NETWORKDAYS(Q76,S76,Feriados!$I$2:$I$22)-1,"NO APLICA") -> 7 | X76: =SUM(U76-TODAY()) -> -324 | Y76: 802/03-04-2020 | Z76: POL VEH. | AA76: 891440 | AB76: SI | AC76: SEGURIDAD
A77: 76 | B77: 31 | C77: =IF(ISERROR(VLOOKUP(I77,[1]DEP!$B$3:$E$583,1,FALSE)),"NO","SI") -> NO | D77: =IF(ISERROR(VLOOKUP(I77,[2]FRG!$S$19:$U$288,1,FALSE)),"NO","SI") -> NO | E77: =IF(ISERROR(VLOOKUP(I77,'[4]ARI 26 C33'!$C$1:$D$490,1,FALSE)),"NO","SI") -> NO | F77: CHILOÉ | G77: QUELLÓN | H77: DIRECCION DE VIALIDAD | I77: 40076410 | J77: CONSERVACION RED VIAL PUENTE MODULAR CURANUE EN ROL W-877 KM 1,517 , COMUNA DE QUELLÓN | L77: Fabián Rutte | M77: OBSERVADO | N77: 45951 | O77: 45971 | P77: =IF(NETWORKDAYS(N77,O77,Feriados!$I$2:$I$22)-1>=0,NETWORKDAYS(N77,O77,Feriados!$I$2:$I$22)-1,"NO APLICA") -> 13 | Q77: 45951 | R77: =+Q77+T77 -> 45966 | S77: 45971 | T77: 15 | U77: =WORKDAY(Q77,T77,Feriados!$I$2:$I$22) -> 45973 | V77: =+S77-Q77 -> 20 | W77: =IF(NETWORKDAYS(Q77,S77,Feriados!$I$2:$I$22)-1>=0,NETWORKDAYS(Q77,S77,Feriados!$I$2:$I$22)-1,"NO APLICA") -> 13 | X77: =SUM(U77-TODAY()) -> -323 | AB77: NO | AC77: TRANSPORTE
A78: 77 | B78: 22 | C78: =IF(ISERROR(VLOOKUP(I78,[1]DEP!$B$3:$E$583,1,FALSE)),"NO","SI") -> NO | D78: =IF(ISERROR(VLOOKUP(I78,[2]FRG!$S$19:$U$288,1,FALSE)),"NO","SI") -> NO | E78: =IF(ISERROR(VLOOKUP(I78,'[4]ARI 26 C33'!$C$1:$D$490,1,FALSE)),"NO","SI") -> SI | F78: CHILOÉ | G78: QUELLÓN | H78: MUNICIPALIDAD QUELLÓN | I78: 40048803 | J78: ACTUALIZACION PLAN REGULADOR COMUNAL DE QUELLON | L78: Fabián Rutte | M78: OBSERVADO | N78: 45943 | O78: 45980 | P78: =IF(NETWORKDAYS(N78,O78,Feriados!$I$2:$I$22)-1>=0,NETWORKDAYS(N78,O78,Feriados!$I$2:$I$22)-1,"NO APLICA") -> 26 | Q78: 45943 | R78: =+Q78+T78 -> 45958 | S78: 45980 | T78: 15 | U78: =WORKDAY(Q78,T78,Feriados!$I$2:$I$22) -> 45965 | V78: =+S78-Q78 -> 37 | W78: =IF(NETWORKDAYS(Q78,S78,Feriados!$I$2:$I$22)-1>=0,NETWORKDAYS(Q78,S78,Feriados!$I$2:$I$22)-1,"NO APLICA") -> 26 | X78: =SUM(U78-TODAY()) -> -331 | AB78: NO | AC78: VIVIENDA Y URBANISMO
A79: 78 | B79: 29 | C79: =IF(ISERROR(VLOOKUP(I79,[1]DEP!$B$3:$E$583,1,FALSE)),"NO","SI") -> NO | D79: =IF(ISERROR(VLOOKUP(I79,[2]FRG!$S$19:$U$288,1,FALSE)),"NO","SI") -> NO | E79: =IF(ISERROR(VLOOKUP(I79,'[4]ARI 26 C33'!$C$1:$D$490,1,FALSE)),"NO","SI") -> NO | F79: X REGION | G79: X REGION | H79: REGION POLICIAL LOS LAGOS PDI | I79: 40076624 | J79: ADQUISICION VEHÍCULOS ESPEC. PARA EL TRASLADO Y RESGUARDO DE CANES DETECTORES DE DROGAS-BRIANCO PMO Y BRIANCO ON | L79: Fabián Rutte | M79: OBSERVADO | N79: 45958 | O79: 45987 | P79: =IF(NETWORKDAYS(N79,O79,Feriados!$I$2:$I$22)-1>=0,NETWORKDAYS(N79,O79,Feriados!$I$2:$I$22)-1,"NO APLICA") -> 20 | Q79: 45958 | R79: =+Q79+T79 -> 45973 | S79: 45987 | T79: 15 | U79: =WORKDAY(Q79,T79,Feriados!$I$2:$I$22) -> 45980 | V79: =+S79-Q79 -> 29 | W79: =IF(NETWORKDAYS(Q79,S79,Feriados!$I$2:$I$22)-1>=0,NETWORKDAYS(Q79,S79,Feriados!$I$2:$I$22)-1,"NO APLICA") -> 20 | X79: =SUM(U79-TODAY()) -> -316 | AB79: NO | AC79: SEGURIDAD
A80: 79 | B80: 29 | C80: =IF(ISERROR(VLOOKUP(I80,[1]DEP!$B$3:$E$583,1,FALSE)),"NO","SI") -> NO | D80: =IF(ISERROR(VLOOKUP(I80,[2]FRG!$S$19:$U$288,1,FALSE)),"NO","SI") -> NO | E80: =IF(ISERROR(VLOOKUP(I80,'[4]ARI 26 C33'!$C$1:$D$490,1,FALSE)),"NO","SI") -> NO | F80: LLANQUIHUE | G80: PROVINCIAL | H80: SLEP LLANQUIHUE | I80: 40073734 | J80: REPOSICION VEHÍCULOS SLEP LLANQUIHUE | L80: Fabián Rutte | M80: OBSERVADO | N80: 45968 | O80: 45989 | P80: =IF(NETWORKDAYS(N80,O80,Feriados!$I$2:$I$22)-1>=0,NETWORKDAYS(N80,O80,Feriados!$I$2:$I$22)-1,"NO APLICA") -> 15 | Q80: 46000 | R80: =+Q80+T80 -> 46015 | S80: 46020 | T80: 15 | U80: =WORKDAY(Q80,T80,Feriados!$I$2:$I$22) -> 46022 | V80: =+S80-Q80 -> 20 | W80: =IF(NETWORKDAYS(Q80,S80,Feriados!$I$2:$I$22)-1>=0,NETWORKDAYS(Q80,S80,Feriados!$I$2:$I$22)-1,"NO APLICA") -> 13 | X80: =SUM(U80-TODAY()) -> -274 | AB80: NO | AC80: EDUCACIÓN
A81: 80 | B81: 29 | C81: =IF(ISERROR(VLOOKUP(I81,[1]DEP!$B$3:$E$583,1,FALSE)),"NO","SI") -> NO | D81: =IF(ISERROR(VLOOKUP(I81,[2]FRG!$S$19:$U$288,1,FALSE)),"NO","SI") -> NO | E81: =IF(ISERROR(VLOOKUP(I81,'[4]ARI 26 C33'!$C$1:$D$490,1,FALSE)),"NO","SI") -> NO | F81: X REGION | G81: X REGION | H81: SERVICIO SALUD RELONCAVI | I81: 40075933 | J81: REPOSICION EQUIPAMIENTO DE PABELLON PARA RESOLUCION GES ONCOLOGICOS HOSPITAL PUERTO MONTT | L81: Fabián Rutte | M81: OBSERVADO | N81: 45967 | O81: 45993 | P81: =IF(NETWORKDAYS(N81,O81,Feriados!$I$2:$I$22)-1>=0,NETWORKDAYS(N81,O81,Feriados!$I$2:$I$22)-1,"NO APLICA") -> 18 | Q81: 45967 | R81: =+Q81+T81 -> 45982 | S81: 45993 | T81: 15 | U81: =WORKDAY(Q81,T81,Feriados!$I$2:$I$22) -> 45988 | V81: =+S81-Q81 -> 26 | W81: =IF(NETWORKDAYS(Q81,S81,Feriados!$I$2:$I$22)-1>=0,NETWORKDAYS(Q81,S81,Feriados!$I$2:$I$22)-1,"NO APLICA") -> 18 | X81: =SUM(U81-TODAY()) -> -308 | AB81: NO | AC81: SALUD
A82: 81 | B82: 31 | C82: =IF(ISERROR(VLOOKUP(I82,[1]DEP!$B$3:$E$583,1,FALSE)),"NO","SI") -> NO | D82: =IF(ISERROR(VLOOKUP(I82,[2]FRG!$S$19:$U$288,1,FALSE)),"NO","SI") -> NO | E82: =IF(ISERROR(VLOOKUP(I82,'[4]ARI 26 C33'!$C$1:$D$490,1,FALSE)),"NO","SI") -> NO | F82: PALENA | G82: CHAITÉN | H82: MUNICIPALIDAD CHAITÉN | I82: 40075367 | J82: CONSERVACION DE CAMINOS NO ENROLADOS SECTOR LOS TURBIOS COMUNA DE CHAITEN | L82: Fabián Rutte | M82: OBSERVADO | N82: 45979 | O82: 46001 | P82: =IF(NETWORKDAYS(N82,O82,Feriados!$I$2:$I$22)-1>=0,NETWORKDAYS(N82,O82,Feriados!$I$2:$I$22)-1,"NO APLICA") -> 15 | Q82: 45979 | R82: =+Q82+T82 -> 45994 | S82: 46001 | T82: 15 | U82: =WORKDAY(Q82,T82,Feriados!$I$2:$I$22) -> 46001 | V82: =+S82-Q82 -> 22 | W82: =IF(NETWORKDAYS(Q82,S82,Feriados!$I$2:$I$22)-1>=0,NETWORKDAYS(Q82,S82,Feriados!$I$2:$I$22)-1,"NO APLICA") -> 15 | X82: =SUM(U82-TODAY()) -> -295 | AB82: NO | AC82: TRANSPORTE
A83: 82 | B83: 31 | C83: =IF(ISERROR(VLOOKUP(I83,[1]DEP!$B$3:$E$583,1,FALSE)),"NO","SI") -> NO | D83: =IF(ISERROR(VLOOKUP(I83,[2]FRG!$S$19:$U$288,1,FALSE)),"NO","SI") -> NO | E83: =IF(ISERROR(VLOOKUP(I83,'[4]ARI 26 C33'!$C$1:$D$490,1,FALSE)),"NO","SI") -> SI | F83: LLANQUIHUE | G83: FRESIA | H83: MUNICIPALIDAD FRESIA | I83: 40064827 | J83: CONSERVACION CAMINOS NO ENROLADOS SECTORES LA VEGA, BOTIJA, SAN NICOLÁS, EL PATO Y FRESIA | L83: Fabián Rutte | M83: OBSERVADO | N83: 45980 | O83: 46008 | P83: =IF(NETWORKDAYS(N83,O83,Feriados!$I$2:$I$22)-1>=0,NETWORKDAYS(N83,O83,Feriados!$I$2:$I$22)-1,"NO APLICA") -> 19 | Q83: 45980 | R83: =+Q83+T83 -> 45995 | S83: 46008 | T83: 15 | U83: =WORKDAY(Q83,T83,Feriados!$I$2:$I$22) -> 46002 | V83: =+S83-Q83 -> 28 | W83: =IF(NETWORKDAYS(Q83,S83,Feriados!$I$2:$I$22)-1>=0,NETWORKDAYS(Q83,S83,Feriados!$I$2:$I$22)-1,"NO APLICA") -> 19 | X83: =SUM(U83-TODAY()) -> -294 | AB83: NO | AC83: TRANSPORTE
A84: 83 | B84: 29 | C84: =IF(ISERROR(VLOOKUP(I84,[1]DEP!$B$3:$E$583,1,FALSE)),"NO","SI") -> NO | D84: =IF(ISERROR(VLOOKUP(I84,[2]FRG!$S$19:$U$288,1,FALSE)),"NO","SI") -> NO | E84: =IF(ISERROR(VLOOKUP(I84,'[4]ARI 26 C33'!$C$1:$D$490,1,FALSE)),"NO","SI") -> NO | F84: OSORNO | G84: OSORNO | H84: SERVICIO SALUD OSORNO | I84: 40076844 | J84: REPOSICION Y ADQUISICION EQUIPOS Y EQUIPAMIENTO URGENCIA PEDIATRICA HBO | L84: Fabián Rutte | M84: OBSERVADO | N84: 45981 | O84: 45994 | P84: =IF(NETWORKDAYS(N84,O84,Feriados!$I$2:$I$22)-1>=0,NETWORKDAYS(N84,O84,Feriados!$I$2:$I$22)-1,"NO APLICA") -> 9 | Q84: 45981 | R84: =+Q84+T84 -> 45996 | S84: 45994 | T84: 15 | U84: =WORKDAY(Q84,T84,Feriados!$I$2:$I$22) -> 46003 | V84: =+S84-Q84 -> 13 | W84: =IF(NETWORKDAYS(Q84,S84,Feriados!$I$2:$I$22)-1>=0,NETWORKDAYS(Q84,S84,Feriados!$I$2:$I$22)-1,"NO APLICA") -> 9 | X84: =SUM(U84-TODAY()) -> -293 | AB84: NO | AC84: SALUD
A85: 84 | B85: 31 | C85: =IF(ISERROR(VLOOKUP(I85,[1]DEP!$B$3:$E$583,1,FALSE)),"NO","SI") -> NO | D85: =IF(ISERROR(VLOOKUP(I85,[2]FRG!$S$19:$U$288,1,FALSE)),"NO","SI") -> NO | E85: =IF(ISERROR(VLOOKUP(I85,'[4]ARI 26 C33'!$C$1:$D$490,1,FALSE)),"NO","SI") -> SI | F85: CHILOÉ | G85: QUEMCHI | H85: MUNICIPALIDAD QUEMCHI | I85: 40072350 | J85: CONSERVACION CAMINOS SECTORES METAHUE, NAYAHUE, CONEB Y SAN JOSÉ EN ISLA BUTACHAUQUES. | K85: 1202745000 | L85: Fabián Rutte | M85: CUMPLE RT | N85: 46015 | O85: 46020 | P85: =IF(NETWORKDAYS(N85,O85,Feriados!$I$2:$I$22)-1>=0,NETWORKDAYS(N85,O85,Feriados!$I$2:$I$22)-1,"NO APLICA") -> 2 | Q85: 46015 | R85: =+Q85+T85 -> 46030 | S85: 46020 | T85: 15 | U85: =WORKDAY(Q85,T85,Feriados!$I$2:$I$22) -> 46037 | V85: =+S85-Q85 -> 5 | W85: =IF(NETWORKDAYS(Q85,S85,Feriados!$I$2:$I$22)-1>=0,NETWORKDAYS(Q85,S85,Feriados!$I$2:$I$22)-1,"NO APLICA") -> 2 | X85: =SUM(U85-TODAY()) -> -259 | Y85: 3.432/30-12-2025 | Z85: CNOS NO ENROLADOS | AB85: NO | AC85: TRANSPORTE
A86: 85 | B86: 29 | C86: =IF(ISERROR(VLOOKUP(I86,[1]DEP!$B$3:$E$583,1,FALSE)),"NO","SI") -> NO | D86: =IF(ISERROR(VLOOKUP(I86,[2]FRG!$S$19:$U$288,1,FALSE)),"NO","SI") -> NO | E86: =IF(ISERROR(VLOOKUP(I86,'[4]ARI 26 C33'!$C$1:$D$490,1,FALSE)),"NO","SI") -> NO | F86: X REGION | G86: X REGION | H86: SEREMI SALUD | I86: 40070111 | J86: ADQUISICION VACUNATORIO MOVIL REGION DE LOS LAGOS | L86: Fabián Rutte | M86: OBSERVADO | N86: 45980 | O86: 46003 | P86: =IF(NETWORKDAYS(N86,O86,Feriados!$I$2:$I$22)-1>=0,NETWORKDAYS(N86,O86,Feriados!$I$2:$I$22)-1,"NO APLICA") -> 16 | Q86: 45980 | R86: =+Q86+T86 -> 45995 | S86: 46003 | T86: 15 | U86: =WORKDAY(Q86,T86,Feriados!$I$2:$I$22) -> 46002 | V86: =+S86-Q86 -> 23 | W86: =IF(NETWORKDAYS(Q86,S86,Feriados!$I$2:$I$22)-1>=0,NETWORKDAYS(Q86,S86,Feriados!$I$2:$I$22)-1,"NO APLICA") -> 16 | X86: =SUM(U86-TODAY()) -> -294 | AB86: NO | AC86: SALUD
A87: 86 | B87: 29 | C87: =IF(ISERROR(VLOOKUP(I87,[1]DEP!$B$3:$E$583,1,FALSE)),"NO","SI") -> NO | D87: =IF(ISERROR(VLOOKUP(I87,[2]FRG!$S$19:$U$288,1,FALSE)),"NO","SI") -> NO | E87: =IF(ISERROR(VLOOKUP(I87,'[4]ARI 26 C33'!$C$1:$D$490,1,FALSE)),"NO","SI") -> NO | F87: PALENA | G87: HUALAIHUÉ | H87: MUNICIPALIDAD HUALAIHUÉ | I87: 40066280 | J87: REPOSICION CAMIONETAS MUNICIPALES PARA TRASLADO DE FUNCIONARIOS, COMUNA DE HUALAIHUÉ | L87: Fabián Rutte | M87: OBSERVADO | N87: 45987 | O87: 46009 | P87: =IF(NETWORKDAYS(N87,O87,Feriados!$I$2:$I$22)-1>=0,NETWORKDAYS(N87,O87,Feriados!$I$2:$I$22)-1,"NO APLICA") -> 15 | Q87: 45987 | R87: =+Q87+T87 -> 46002 | S87: 46009 | T87: 15 | U87: =WORKDAY(Q87,T87,Feriados!$I$2:$I$22) -> 46009 | V87: =+S87-Q87 -> 22 | W87: =IF(NETWORKDAYS(Q87,S87,Feriados!$I$2:$I$22)-1>=0,NETWORKDAYS(Q87,S87,Feriados!$I$2:$I$22)-1,"NO APLICA") -> 15 | X87: =SUM(U87-TODAY()) -> -287 | AB87: NO | AC87: MULTISECTORIAL
A88: 87 | B88: 29 | C88: =IF(ISERROR(VLOOKUP(I88,[1]DEP!$B$3:$E$583,1,FALSE)),"NO","SI") -> NO | D88: =IF(ISERROR(VLOOKUP(I88,[2]FRG!$S$19:$U$288,1,FALSE)),"NO","SI") -> NO | E88: =IF(ISERROR(VLOOKUP(I88,'[4]ARI 26 C33'!$C$1:$D$490,1,FALSE)),"NO","SI") -> NO | F88: LLANQUIHUE | G88: MAULLÍN | H88: SERVICIO SALUD RELONCAVI | I88: 40072810 | J88: ADQUISICION DE EQUIPO MAMOGRAFO PARA HOSPITAL DE MAULLIN | L88: Fabián Rutte | M88: OBSERVADO | N88: 45957 | O88: 45994 | P88: =IF(NETWORKDAYS(N88,O88,Feriados!$I$2:$I$22)-1>=0,NETWORKDAYS(N88,O88,Feriados!$I$2:$I$22)-1,"NO APLICA") -> 26 | Q88: 45957 | R88: =+Q88+T88 -> 45972 | S88: 45994 | T88: 15 | U88: =WORKDAY(Q88,T88,Feriados!$I$2:$I$22) -> 45979 | V88: =+S88-Q88 -> 37 | W88: =IF(NETWORKDAYS(Q88,S88,Feriados!$I$2:$I$22)-1>=0,NETWORKDAYS(Q88,S88,Feriados!$I$2:$I$22)-1,"NO APLICA") -> 26 | X88: =SUM(U88-TODAY()) -> -317 | AB88: NO | AC88: SALUD
A89: 88 | B89: 29 | C89: =IF(ISERROR(VLOOKUP(I89,[1]DEP!$B$3:$E$583,1,FALSE)),"NO","SI") -> NO | D89: =IF(ISERROR(VLOOKUP(I89,[2]FRG!$S$19:$U$288,1,FALSE)),"NO","SI") -> NO | E89: =IF(ISERROR(VLOOKUP(I89,'[4]ARI 26 C33'!$C$1:$D$490,1,FALSE)),"NO","SI") -> NO | F89: X REGION | G89: X REGION | H89: REGION POLICIAL LOS LAGOS PDI | I89: 40077203 | J89: ADQUISICION DE EQUIPAMIENTO PERICIAL PARA SS, SERCRIM - REPOLAG | L89: Fabián Rutte | M89: OBSERVADO | N89: 45988 | O89: 46009 | P89: =IF(NETWORKDAYS(N89,O89,Feriados!$I$2:$I$22)-1>=0,NETWORKDAYS(N89,O89,Feriados!$I$2:$I$22)-1,"NO APLICA") -> 14 | Q89: 45988 | R89: =+Q89+T89 -> 46003 | S89: 46009 | T89: 15 | U89: =WORKDAY(Q89,T89,Feriados!$I$2:$I$22) -> 46010 | V89: =+S89-Q89 -> 21 | W89: =IF(NETWORKDAYS(Q89,S89,Feriados!$I$2:$I$22)-1>=0,NETWORKDAYS(Q89,S89,Feriados!$I$2:$I$22)-1,"NO APLICA") -> 14 | X89: =SUM(U89-TODAY()) -> -286 | AB89: NO | AC89: SEGURIDAD
A90: 89 | B90: 29 | C90: =IF(ISERROR(VLOOKUP(I90,[1]DEP!$B$3:$E$583,1,FALSE)),"NO","SI") -> NO | D90: =IF(ISERROR(VLOOKUP(I90,[2]FRG!$S$19:$U$288,1,FALSE)),"NO","SI") -> NO | E90: =IF(ISERROR(VLOOKUP(I90,'[4]ARI 26 C33'!$C$1:$D$490,1,FALSE)),"NO","SI") -> NO | F90: PALENA | G90: PROVINCIAL | H90: SERVICIO SALUD RELONCAVI | I90: 40071986 | J90: REPOSICION DE 3 AMBULANCIAS DE EMERGENCIA BASICA HOSP PALENA, FUTALEUFU Y CONS rIO NEGRO H. | L90: Fabián Rutte | M90: OBSERVADO | N90: 45995 | O90: 46020 | P90: =IF(NETWORKDAYS(N90,O90,Feriados!$I$2:$I$22)-1>=0,NETWORKDAYS(N90,O90,Feriados!$I$2:$I$22)-1,"NO APLICA") -> 15 | Q90: 45995 | R90: =+Q90+T90 -> 46010 | S90: 46020 | T90: 15 | U90: =WORKDAY(Q90,T90,Feriados!$I$2:$I$22) -> 46020 | V90: =+S90-Q90 -> 25 | W90: =IF(NETWORKDAYS(Q90,S90,Feriados!$I$2:$I$22)-1>=0,NETWORKDAYS(Q90,S90,Feriados!$I$2:$I$22)-1,"NO APLICA") -> 15 | X90: =SUM(U90-TODAY()) -> -276 | AB90: NO | AC90: SALUD
A91: 90 | B91: 29 | C91: =IF(ISERROR(VLOOKUP(I91,[1]DEP!$B$3:$E$583,1,FALSE)),"NO","SI") -> NO | D91: =IF(ISERROR(VLOOKUP(I91,[2]FRG!$S$19:$U$288,1,FALSE)),"NO","SI") -> NO | E91: =IF(ISERROR(VLOOKUP(I91,'[4]ARI 26 C33'!$C$1:$D$490,1,FALSE)),"NO","SI") -> NO | F91: CHILOÉ | G91: ANCUD | H91: MUNICIPALIDAD ancud | I91: 40077486 | J91: REPOSICION Y ADQUISICIÓN TRACTOR DESBROZADOR PARA LA MUNICIPALIDAD DE ANCUD | L91: Fabián Rutte | M91: OBSERVADO | N91: 46000 | O91: 46020 | P91: =IF(NETWORKDAYS(N91,O91,Feriados!$I$2:$I$22)-1>=0,NETWORKDAYS(N91,O91,Feriados!$I$2:$I$22)-1,"NO APLICA") -> 13 | Q91: 46000 | R91: =+Q91+T91 -> 46015 | S91: 46020 | T91: 15 | U91: =WORKDAY(Q91,T91,Feriados!$I$2:$I$22) -> 46022 | V91: =+S91-Q91 -> 20 | W91: =IF(NETWORKDAYS(Q91,S91,Feriados!$I$2:$I$22)-1>=0,NETWORKDAYS(Q91,S91,Feriados!$I$2:$I$22)-1,"NO APLICA") -> 13 | X91: =SUM(U91-TODAY()) -> -274 | AB91: NO | AC91: TRANSPORTE
A92: 91 | B92: 31 | C92: =IF(ISERROR(VLOOKUP(I92,[1]DEP!$B$3:$E$583,1,FALSE)),"NO","SI") -> NO | D92: =IF(ISERROR(VLOOKUP(I92,[2]FRG!$S$19:$U$288,1,FALSE)),"NO","SI") -> NO | E92: =IF(ISERROR(VLOOKUP(I92,'[4]ARI 26 C33'!$C$1:$D$490,1,FALSE)),"NO","SI") -> SI | F92: OSORNO | G92: PURRANQUE | H92: MUNICIPALIDAD PURRANQUE | I92: 40055184 | J92: CONSERVACION VEREDAS SECTOR AGUAS ANDINAS COMUNA DE PURRANQUE | L92: Fabián Rutte | M92: OBSERVADO | N92: 46000 | O92: 46385 | P92: =IF(NETWORKDAYS(N92,O92,Feriados!$I$2:$I$22)-1>=0,NETWORKDAYS(N92,O92,Feriados!$I$2:$I$22)-1,"NO APLICA") -> 274 | Q92: 46000 | R92: =+Q92+T92 -> 46015 | S92: 46385 | T92: 15 | U92: =WORKDAY(Q92,T92,Feriados!$I$2:$I$22) -> 46022 | V92: =+S92-Q92 -> 385 | W92: =IF(NETWORKDAYS(Q92,S92,Feriados!$I$2:$I$22)-1>=0,NETWORKDAYS(Q92,S92,Feriados!$I$2:$I$22)-1,"NO APLICA") -> 274 | X92: =SUM(U92-TODAY()) -> -274 | Z92: VEREDAS | AB92: NO | AC92: VIVIENDA Y URBANISMO
A93: 92 | B93: 29 | C93: =IF(ISERROR(VLOOKUP(I93,[1]DEP!$B$3:$E$583,1,FALSE)),"NO","SI") -> NO | D93: =IF(ISERROR(VLOOKUP(I93,[2]FRG!$S$19:$U$288,1,FALSE)),"NO","SI") -> NO | E93: =IF(ISERROR(VLOOKUP(I93,'[4]ARI 26 C33'!$C$1:$D$490,1,FALSE)),"NO","SI") -> NO | F93: PALENA | G93: PALENA | H93: MUNICIPALIDAD PALENA | I93: 40076387 | J93: REPOSICION DE VEHÍCULOS MUNICIPALES PARA LA MOVILIZACIÓN DE FUNCIONARIOS | L93: Fabián Rutte | M93: OBSERVADO | N93: 46000 | O93: 46020 | P93: =IF(NETWORKDAYS(N93,O93,Feriados!$I$2:$I$22)-1>=0,NETWORKDAYS(N93,O93,Feriados!$I$2:$I$22)-1,"NO APLICA") -> 13 | Q93: 46000 | R93: =+Q93+T93 -> 46015 | S93: 46020 | T93: 15 | U93: =WORKDAY(Q93,T93,Feriados!$I$2:$I$22) -> 46022 | V93: =+S93-Q93 -> 20 | W93: =IF(NETWORKDAYS(Q93,S93,Feriados!$I$2:$I$22)-1>=0,NETWORKDAYS(Q93,S93,Feriados!$I$2:$I$22)-1,"NO APLICA") -> 13 | X93: =SUM(U93-TODAY()) -> -274 | Z93: VEHICULOS | AB93: NO | AC93: MULTISECTORIAL
A94: 93 | B94: 29 | C94: =IF(ISERROR(VLOOKUP(I94,[1]DEP!$B$3:$E$583,1,FALSE)),"NO","SI") -> NO | D94: =IF(ISERROR(VLOOKUP(I94,[2]FRG!$S$19:$U$288,1,FALSE)),"NO","SI") -> NO | E94: =IF(ISERROR(VLOOKUP(I94,'[4]ARI 26 C33'!$C$1:$D$490,1,FALSE)),"NO","SI") -> SI | F94: LLANQUIHUE | G94: CALBUCO | H94: MUNICIPALIDAD CALBUCO | I94: 40072782 | J94: REPOSICION Y ADQUISICION MAQUINARIAS RED VIAL, COMUNA DE CALBUCO | L94: Fabián Rutte | M94: OBSERVADO | N94: 46001 | O94: 46020 | P94: =IF(NETWORKDAYS(N94,O94,Feriados!$I$2:$I$22)-1>=0,NETWORKDAYS(N94,O94,Feriados!$I$2:$I$22)-1,"NO APLICA") -> 12 | Q94: 46001 | R94: =+Q94+T94 -> 46016 | S94: 46020 | T94: 15 | U94: =WORKDAY(Q94,T94,Feriados!$I$2:$I$22) -> 46023 | V94: =+S94-Q94 -> 19 | W94: =IF(NETWORKDAYS(Q94,S94,Feriados!$I$2:$I$22)-1>=0,NETWORKDAYS(Q94,S94,Feriados!$I$2:$I$22)-1,"NO APLICA") -> 12 | X94: =SUM(U94-TODAY()) -> -273 | AB94: NO | AC94: TRANSPORTE
A95: 94 | B95: 29 | C95: =IF(ISERROR(VLOOKUP(I95,[1]DEP!$B$3:$E$583,1,FALSE)),"NO","SI") -> NO | D95: =IF(ISERROR(VLOOKUP(I95,[2]FRG!$S$19:$U$288,1,FALSE)),"NO","SI") -> NO | E95: =IF(ISERROR(VLOOKUP(I95,'[4]ARI 26 C33'!$C$1:$D$490,1,FALSE)),"NO","SI") -> NO | F95: OSORNO | G95: OSORNO | H95: SERVICIO SALUD OSORNO | I95: 40077448 | J95: ADQUISICION Y REPOSICION DE EQUIPOS Y EQUIPAMIENTO CIRUGIA MENOR HOSPITAL BASE OSORNO | L95: Fabián Rutte | M95: OBSERVADO | N95: 46000 | O95: 46013 | P95: =IF(NETWORKDAYS(N95,O95,Feriados!$I$2:$I$22)-1>=0,NETWORKDAYS(N95,O95,Feriados!$I$2:$I$22)-1,"NO APLICA") -> 9 | Q95: 46000 | R95: =+Q95+T95 -> 46015 | S95: 46013 | T95: 15 | U95: =WORKDAY(Q95,T95,Feriados!$I$2:$I$22) -> 46022 | V95: =+S95-Q95 -> 13 | W95: =IF(NETWORKDAYS(Q95,S95,Feriados!$I$2:$I$22)-1>=0,NETWORKDAYS(Q95,S95,Feriados!$I$2:$I$22)-1,"NO APLICA") -> 9 | X95: =SUM(U95-TODAY()) -> -274 | AB95: NO | AC95: SALUD
A96: 95 | B96: 29 | C96: =IF(ISERROR(VLOOKUP(I96,[1]DEP!$B$3:$E$583,1,FALSE)),"NO","SI") -> NO | D96: =IF(ISERROR(VLOOKUP(I96,[2]FRG!$S$19:$U$288,1,FALSE)),"NO","SI") -> NO | E96: =IF(ISERROR(VLOOKUP(I96,'[4]ARI 26 C33'!$C$1:$D$490,1,FALSE)),"NO","SI") -> NO | F96: OSORNO | G96: OSORNO | H96: SERVICIO SALUD OSORNO | I96: 40077453 | J96: ADQUISICION EQUIPOS Y EQUIPAMIENTO UNIDAD ENDOSCOPIA HOSPITAL BASE OSORNO | L96: Fabián Rutte | M96: OBSERVADO | N96: 46000 | O96: 46010 | P96: =IF(NETWORKDAYS(N96,O96,Feriados!$I$2:$I$22)-1>=0,NETWORKDAYS(N96,O96,Feriados!$I$2:$I$22)-1,"NO APLICA") -> 8 | Q96: 46000 | R96: =+Q96+T96 -> 46015 | S96: 46010 | T96: 15 | U96: =WORKDAY(Q96,T96,Feriados!$I$2:$I$22) -> 46022 | V96: =+S96-Q96 -> 10 | W96: =IF(NETWORKDAYS(Q96,S96,Feriados!$I$2:$I$22)-1>=0,NETWORKDAYS(Q96,S96,Feriados!$I$2:$I$22)-1,"NO APLICA") -> 8 | X96: =SUM(U96-TODAY()) -> -274 | AB96: NO | AC96: SALUD
K99: =87.03/2.5 -> 34.812
J100: =50*6 -> 300
K101: 800 | M101: FIRMA OBS | P101: 12.77
K102: 1000 | M102: RT FIRMA | P102: =SUBTOTAL(9,P101:P101) -> 12.77 | S102: 731063 | U102: 558177
...

Sheet 2024
A1: CANT | B1: SUBT. | C1: ARI 2023 | D1: PPTO 2024 | E1: ARI 2025 | F1: PROVINCIA | G1: COMUNA | H1: FORMULADOR | I1: BIP | J1: NOMBRE DE LA INICIATIVA | K1: COSTO | L1: EVALUADOR | M1: ESTADO | N1: FECHA 1er INGRESO | O1: FECHA 1er Respuesta | P1: DÍAS 1° Evaluación | Q1: FECHA INGRESO | R1: PLAZO PARA INFORMAR (15 DIAS) | S1: FECHA EVALUACION | T1: DIAS EVALUAR | U1: FECHA (REAL) ENTREGA | V1: DIAS EN EVALUACION | W1: DIAS HAB. EN EVALUACION | X1: DIAS RESTANTES | Y1: ORD GR N°/ FECHA | Z1: CLASIFICACION | AA1: BENEFICIARIOS DIRECTOS | AB1: ¿ES REEVALUACION? | AC1: SECTOR
A2: 1 | B2: 31 | C2: SI | D2: SI | E2: SI | F2: CHILOÉ | G2: CHONCHI | H2: MUNICIPALIDAD CHONCHI | I2: 40022712 | J2: REEV CONSERVACION ESCUELA RURAL DE NOTUCO, COMUNA DE CHONCHI | K2: 489402000 | L2: Fabián Rutte | M2: CUMPLE RT | P2: NO APLICA | Q2: 45328 | R2: 45338 | S2: 45345 | T2: 10 | U2: 45342 | V2: 17 | W2: 13 | X2: -330 | Y2: 349/29-02-2024 | Z2: EDIF. PUBLICA | AA2: 103 | AB2: SI | AC2: EDUCACION, CULTURA Y PATRIMONIO / EDUCACION BASICA Y MEDIA
A3: 2 | B3: 31 | C3: SI | D3: SI | E3: NO | F3: LLANQUIHUE | G3: Frutillar | H3: MUNICIPALIDAD FRUTILLAR | I3: 40034637 | J3: REEV CONSERVACION CAMINOS NO ENROLADOS 6 SECTORES RURALES DE LA COMUNA DE FRUTILLAR | K3: 408871000 | L3: Fabián Rutte | M3: CUMPLE RT | P3: NO APLICA | Q3: 45357 | R3: 45367 | S3: 45350 | T3: 10 | U3: 45371 | V3: -7 | W3: NO APLICA | X3: -301 | Y3: 2.964/18-10-2022 | Z3: CNOS NO ENROLADOS | AA3: 365 | AB3: SI
A4: 3 | B4: 29 | C4: SI | D4: NO | E4: SI | F4: CHILOÉ | G4: QUEMCHI | H4: MUNICIPALIDAD QUEMCHI | I4: 40043567 | J4: ADQUISICION MAQUINARIA VIAL, COMUNA QUEMCHI. | L4: Fabián Rutte | M4: OBSERVADO | N4: 45299 | O4: 45314 | P4: 11 | Q4: 45300 | R4: 45315 | S4: 45314 | T4: 15 | U4: 45321 | V4: 14 | W4: 10 | X4: -351 | Z4: MAQ. CNOS | AB4: NO
A5: 4 | B5: 29 | C5: SI | D5: SI | E5: NO | F5: REGIONAL | G5: REGIONAL | H5: REGION POLICIAL LOS LAGOS PDI | I5: 40020318 | J5: REEV REPOSICION VEHÍCULOS PDI, REGIÓN POLICIAL DE LOS LAGOS | K5: 673588000 | L5: Fabián Rutte | M5: CUMPLE RT | P5: NO APLICA | Q5: 45316 | R5: 45326 | S5: 45341 | T5: 10 | U5: 45330 | V5: 25 | W5: 17 | X5: -342 | Y5: 802/03-04-2020 | Z5: POL VEH. | AA5: 891440 | AB5: SI
A6: 5 | B6: 29 | C6: NO | D6: SI | E6: NO | F6: PALENA | G6: HUALAIHUÉ | H6: MUNICIPALIDAD HUALAIHUÉ | I6: 40048688 | J6: REEV ADQUISICION CAMIONETAS MUNICIPALES PARA EL TRASLADO DE FUNCIONARIOS, HUALAIHUÉ | K6: 109951000 | L6: Fabián Rutte | M6: CUMPLE RT | N6: 44945 | O6: 44966 | P6: 15 | Q6: 45327 | R6: 45337 | S6: 45341 | T6: 10 | U6: 45341 | V6: 14 | W6: 10 | X6: -331 | Y6: 2.004/01-06-2023 | Z6: VEHICULOS | AA6: 8944 | AB6: SI | AC6: TRANSPORTE
A7: 6 | B7: 31 | C7: NO | D7: NO | E7: SI | F7: CHILOÉ | G7: CURACO DE VÉLEZ | H7: MUNICIPALIDAD CURACO DE VÉLEZ | I7: 40056255 | J7: CONSERVACION DE CAMINOS NO ENROLADOS DE 8 SECTORES RURALES, CURACO DE VÉLEZ | K7: 790967000 | L7: Fabián Rutte | M7: CUMPLE RT | N7: 45309 | O7: 45351 | P7: 30 | Q7: 45372 | R7: 45387 | S7: 45351 | T7: 15 | U7: 45394 | V7: -21 | W7: NO APLICA | X7: -278 | Y7: 612/08-04-2024 | Z7: CNOS NO ENROLADOS | AA7: 194 | AB7: NO | AC7: TRANSPORTE
A8: 7 | B8: 22 | C8: SI | D8: SI | E8: NO | F8: REGIONAL | G8: REGIONAL | H8: GORE LOS LAGOS | I8: 40043665 | J8: REEV ANALISIS CONSTRUCCION POLITICA REGIONAL PARA LA SOSTENIBILIDAD HIDRICA, REG. LOS LAGOS | K8: 300000000 | L8: Fabián Rutte | M8: CUMPLE RT | P8: NO APLICA | Q8: 45303 | R8: 45313 | S8: 45306 | T8: 10 | U8: 45317 | V8: 3 | W8: 1 | X8: -355 | Y8: 562/07-03-2023 | Z8: ESTUDIO PG | AA8: 828708 | AB8: SI | AC8: RECURSOS HIDRICOS
A9: 8 | B9: 29 | C9: SI | D9: NO | E9: NO | F9: LLANQUIHUE | G9: Frutillar | H9: MUNICIPALIDAD FRUTILLAR | I9: 40031422 | J9: REPOSICION CAMIÓN RECOLECTOR DE RESIDUOS SÓLIDOS EN LA COMUNA DE FRUTILLAR | K9: 238375000 | L9: Fabián Rutte | M9: CUMPLE RT | N9: 45310 | O9: 45351 | P9: 29 | Q9: 45310 | R9: 45325 | S9: 45351 | T9: 15 | U9: 45331 | V9: 41 | W9: 29 | X9: -341 | Y9: 360/04-03-2024 | Z9: CAMIONES RSD | AA9: 9915 | AB9: NO
A10: 9 | B10: 29 | C10: NO | D10: NO | E10: NO | F10: LLANQUIHUE | G10: FRESIA | H10: SLEP LLANQUIHUE | I10: 40059586 | J10: REPOSICION MOBILIARIO ESCOLAR PARA TRES EE DEL SLEP, COMUNA DE FRESIA | L10: Fabián Rutte | M10: OBSERVADO | N10: 45302 | O10: 45315 | P10: 9 | Q10: 45302 | R10: 45317 | S10: 45315 | T10: 15 | U10: 45323 | V10: 13 | W10: 9 | X10: -349 | Z10: EQ. EDUCATIVO | AB10: NO
A11: 10 | B11: 29 | C11: NO | D11: NO | E11: SI | F11: LLANQUIHUE | G11: FRESIA | H11: MUNICIPALIDAD FRESIA | I11: 30079814 | J11: ADQUISICION CAMIÓN ALJIBE PARA ABASTECIMIENTO DE AGUA POTABLE, COMUNA DE FRESIA. | K11: 118121000 | L11: Fabián Rutte | M11: CUMPLE RT | N11: 45314 | O11: 45348 | P11: 24 | Q11: 45476 | R11: 45491 | S11: 45512 | T11: 15 | U11: 45498 | V11: 36 | W11: 25 | X11: -174 | Y11: 1.831/12-08-2024 | Z11: ALJIBE | AA11: 487 | AB11: NO
A12: 11 | B12: 29 | C12: NO | D12: NO | E12: SI | F12: OSORNO | G12: SAN PABLO | H12: MUNICIPALIDAD SAN PABLO | I12: 40059680 | J12: ADQUISICION MAQUINARIA PARA CONSERVACIÓN, MEJORAMIENTO Y APERTURA DE CAMINOS RURALES, SAN PABLO | K12: 400787000 | L12: Fabián Rutte | M12: CUMPLE RT | N12: 45309 | O12: 45324 | P12: 11 | Q12: 45590 | R12: 45605 | S12: 45608 | T12: 15 | U12: 45615 | V12: 18 | W12: 10 | X12: -57 | Y12: 2.780/13-11-2024 | Z12: MAQ. CNOS | AB12: NO
A13: 12 | B13: 31 | C13: SI | D13: SI | E13: NO | F13: LLANQUIHUE | G13: PUERTO VARAS | H13: MUNICIPALIDAD PUERTO VARAS | I13: 40015147 | J13: REEV CONSERVACION ACERAS DIVERSOS SECTORES DE PUERTO VARAS | K13: 1007608000 | L13: Fabián Rutte | M13: CUMPLE RT | P13: NO APLICA | Q13: 45337 | R13: 45347 | S13: 45341 | T13: 10 | U13: 45351 | V13: 4 | W13: 2 | X13: -321 | Y13: 1.645/06-07-2020 | Z13: VEREDAS | AB13: SI
A14: 13 | C14: NO | D14: NO | E14: NO | F14: LLANQUIHUE | G14: PUERTO MONTT | H14: SERVICIO SALUD RELONCAVI | I14: 40060019 | J14: ADQUISICION EQUIPO Y EQUIPAMIENTO HABILITACION DEL CLUB INFANTIL HOSPITAL PUERTO MONTT | L14: Fabián Rutte | M14: OBSERVADO | N14: 45315 | O14: 45316 | P14: 1 | Q14: 45315 | R14: 45330 | S14: 45316 | T14: 15 | U14: 45336 | V14: 1 | W14: 1 | X14: -336 | Z14: S/C | AB14: NO
A15: 14 | B15: 31 | C15: NO | D15: NO | E15: SI | F15: LLANQUIHUE | G15: PUERTO MONTT | H15: MUNICIPALIDAD PUERTO MONTT | I15: 40056949 | J15: CONSERVACION CALLES COMUNA DE PUERTO MONTT | K15: 1532214000 | L15: Fabián Rutte | M15: CUMPLE RT | N15: 45320 | O15: 45323 | P15: 3 | Q15: 45334 | R15: 45349 | S15: 45350 | T15: 15 | U15: 45355 | V15: 16 | W15: 12 | X15: -317 | Y15: 348/29-02-2024 | Z15: PAV. URBANOS | AA15: 130270 | AB15: NO | AC15: TRANSPORTE
A16: 15 | B16: 31 | C16: NO | D16: NO | E16: SI | F16: OSORNO | G16: OSORNO | H16: MUNICIPALIDAD OSORNO | I16: 40059081 | J16: CONSERVACION FERIA PEDRO AGUIRRE CERDA OSORNO | K16: 486647000 | L16: Fabián Rutte | M16: CUMPLE RT | N16: 45320 | O16: 45358 | P16: 28 | Q16: 45551 | R16: 45566 | S16: 45574 | T16: 15 | U16: 45575 | V16: 23 | W16: 14 | X16: -97 | Y16: 2.277/11-10-2024 | Z16: EDIF. PUBLICA | AB16: NO
A17: 16 | B17: 29 | C17: NO | D17: SI | E17: SI | F17: REGIONAL | G17: REGIONAL | H17: CONAF | I17: 40052706 | J17: ADQUISICION VEHÍCULOS AÉREOS NO TRIPULADOS DRONES Y ACCESORIOS | K17: 198024000 | L17: Fabián Rutte | M17: CUMPLE RT | N17: 45320 | O17: 45323 | P17: 3 | Q17: 45488 | R17: 45503 | S17: 45497 | T17: 15 | U17: 45510 | V17: 9 | W17: 6 | X17: -162 | Y17: 1.623/25-07-2024 | Z17: DRONES | AA17: 828708 | AB17: NO | AC17: RECURSOS NATURALES Y MEDIO AMBIENTE / MEDIO AMBIENTE
A18: 17 | B18: 31 | C18: SI | D18: NO | E18: SI | F18: OSORNO | G18: RÍO NEGRO | H18: MUNICIPALIDAD RÍO NEGRO | I18: 40032117 | J18: CONSERVACION CAMINOS VECINALES DE ÑANCUÁN CHANCHAN, SAN FLORENTINO Y QUISQUELELFUN, RÍO NEGRO | K18: 1022266000 | L18: Fabián Rutte | M18: CUMPLE RT | N18: 45320 | O18: 45356 | P18: 26 | Q18: 45569 | R18: 45584 | S18: 45590 | T18: 15 | U18: 45590 | V18: 21 | W18: 15 | X18: -82 | Y18: 2.645/25-10-2024 | Z18: CNOS NO ENROLADOS | AB18: NO
A19: 18 | B19: 29 | C19: NO | D19: NO | E19: SI | F19: OSORNO | G19: OSORNO | H19: MUNICIPALIDAD OSORNO | I19: 40053613 | J19: REPOSICION DE VEHÍCULOS - MAQUINARIAS Y ADQUISICIÓN DE RETROEXCAVADORA, PARA RSD | K19: 949305000 | L19: Fabián Rutte | M19: CUMPLE RT | N19: 45324 | O19: 45355 | P19: 21 | Q19: 45379 | R19: 45394 | S19: 45393 | T19: 15 | U19: 45401 | V19: 14 | W19: 9 | X19: -271 | Y19: 635/11-04-2024 | Z19: MAQ. CNOS | AA19: 161460 | AB19: NO | AC19: RECURSOS NATURALES Y MEDIO AMBIENTE
A20: 19 | B20: 31 | C20: SI | D20: SI | E20: NO | F20: OSORNO | G20: PURRANQUE | H20: MUNICIPALIDAD PURRANQUE | I20: 40039693 | J20: REEV CONSERVACION 15 CAMINOS NO ENROLADOS COMUNA DE PURRANQUE | K20: 413159000 | L20: Fabián Rutte | M20: CUMPLE RT | P20: NO APLICA | Q20: 45385 | R20: 45395 | S20: 45387 | T20: 10 | U20: 45399 | V20: 2 | W20: 2 | X20: -273 | Y20: 2.060/17-08-2022 | Z20: CNOS NO ENROLADOS | AA20: 317 | AB20: SI | AC20: TRANSPORTE
A21: 20 | B21: 31 | C21: SI | D21: NO | E21: SI | F21: CHILOÉ | G21: CHONCHI | H21: MUNICIPALIDAD CHONCHI | I21: 40040291 | J21: CONSERVACION CALLE BERNARDO O'HIGGINS DE LA CIUDAD DE CHONCHI | K21: 326471000 | L21: Fabián Rutte | M21: CUMPLE RT | N21: 45327 | O21: 45364 | P21: 27 | Q21: 45576 | R21: 45591 | S21: 45364 | T21: 15 | U21: 45601 | V21: -212 | W21: NO APLICA | X21: -71 | Y21: 2.706/04-11-2024 | Z21: PAV. URBANOS | AA21: 1009 | AB21: NO | AC21: VIVIENDA Y DESARROLLO URBANO / DESARROLLO URBANO
A22: 21 | B22: 29 | C22: NO | D22: NO | E22: SI | F22: CHILOÉ | G22: PUQUELDÓN | H22: MUNICIPALIDAD PUQUELDÓN | I22: 40051860 | J22: ADQUISICION CONTENEDORES RSD Y RD, CAMION DE CARGA LATERAL Y CAMION CARGA TRASERA | K22: 962867000 | L22: Fabián Rutte | M22: CUMPLE RT | N22: 45327 | O22: 45355 | P22: 20 | Q22: 45327 | R22: 45342 | S22: 45355 | T22: 15 | U22: 45348 | V22: 28 | W22: 20 | X22: -324 | Y22: 429/12-03-2024 | Z22: RSD CAMIÓN Y CONTENEDOR | AA22: 4973 | AB22: NO | AC22: RECURSOS NATURALES Y MEDIO AMBIENTE
A23: 22 | B23: 29 | C23: NO | D23: NO | E23: SI | F23: PALENA | G23: Futaleufú | H23: MUNICIPALIDAD FUTALEUFÚ | I23: 40053669 | J23: REPOSICIÓN EQUIPOS Y MAQUINARIA PARA CTI COMUNA DE FUTALEUFÚ | K23: 167604000 | L23: Fabián Rutte | M23: CUMPLE RT | N23: 45341 | O23: 45362 | P23: 15 | Q23: 45341 | R23: 45356 | S23: 45362 | T23: 15 | U23: 45362 | V23: 21 | W23: 15 | X23: -310 | Y23: 455/14-03-2024 | Z23: EQ. RSD | AA23: 3107 | AB23: NO | AC23: RECURSOS NATURALES Y MEDIO AMBIENTE / MEDIO AMBIENTE
A24: 23 | B24: 31 | C24: SI | D24: SI | E24: NO | F24: LLANQUIHUE | G24: Maullín | H24: MUNICIPALIDAD MAULLIN | I24: 40035233 | J24: REEV CONSERVACION 7 CAMINOS VECINALES, COMUNA DE MAULLIN | K24: 666470000 | L24: Fabián Rutte | M24: CUMPLE RT | P24: NO APLICA | Q24: 45371 | R24: 45381 | S24: 45372 | T24: 10 | U24: 45386 | V24: 1 | W24: 1 | X24: -286 | Y24: 639/06-04-2022 | Z24: CNOS NO ENROLADOS | AA24: 300 | AB24: SI | AC24: TRANSPORTE
A25: 24 | B25: 29 | C25: NO | D25: NO | E25: NO | F25: LLANQUIHUE | G25: CALBUCO | H25: SERVICIO SALUD RELONCAVI | I25: 40060299 | J25: REPOSICION EQUIPO MAMOGRAFO HOSPITAL CALBUCO | K25: 368927000 | L25: Fabián Rutte | M25: CUMPLE RT | N25: 45357 | O25: 45377 | P25: 14 | Q25: 45572 | R25: 45587 | S25: 45490 | T25: 15 | U25: 45593 | V25: -82 | W25: NO APLICA | X25: -79 | Y25: 2.476/11-10-2024 | Z25: EQ. SALUD | AB25: NO
A26: 25 | B26: 29 | C26: NO | D26: NO | E26: NO | F26: REGIONAL | H26: SERVICIO SALUD RELONCAVI | I26: 40056926 | J26: ADQUISICION EQUIPAMIENTO OFTALMOLOGIA, PROVINCIAS DE LLANQUIHUE Y PALENA | K26: 202203000 | L26: Fabián Rutte | M26: CUMPLE RT | N26: 45357 | O26: 45377 | P26: 14 | Q26: 45547 | R26: 45562 | S26: 45603 | T26: 15 | U26: 45573 | V26: 56 | W26: 35 | X26: -99 | Y26: 2.735/07-11-2024 | Z26: EQ. SALUD | AA26: 426401 | AB26: NO | AC26: SALUD / BAJA COMPLEJIDAD
A27: 26 | B27: 31 | C27: NO | D27: NO | E27: SI | F27: OSORNO | G27: PUERTO OCTAY | H27: MUNICIPALIDAD PUERTO OCTAY | I27: 40051437 | J27: CONSERVACION DE 16 CAMINOS NO ENROLADOS EN SECTORES RURALES, COMUNA DE PUERTO OCTAY | K27: 547958000 | L27: Fabián Rutte | M27: CUMPLE RT | N27: 45359 | O27: 45383 | P27: 15 | Q27: 45460 | R27: 45475 | S27: 45485 | T27: 15 | U27: 45482 | V27: 25 | W27: 18 | X27: -190 | Y27: 1.536/12-07-2024 | Z27: CNOS NO ENROLADOS | AA27: 372 | AB27: NO | AC27: TRANSPORTE
A28: 27 | B28: 31 | C28: SI | D28: SI | E28: NO | F28: OSORNO | G28: OSORNO | H28: MUNICIPALIDAD OSORNO | I28: 40039788 | J28: REEV CONSERVACION CALZADAS SECTOR CENTRO, OSORNO | K28: 810302000 | L28: Fabián Rutte | M28: CUMPLE RT | P28: NO APLICA | Q28: 45373 | R28: 45383 | S28: 45378 | T28: 10 | U28: 45390 | V28: 5 | W28: 3 | X28: -282 | Y28: 3.125/28-10-2022 | Z28: PAV. URBANOS | AA28: 49870 | AB28: SI | AC28: VIVIENDA Y DESARROLLO URBANO
A29: 28 | B29: 22 | C29: NO | D29: SI | E29: SI | F29: REGIONAL | G29: REGIONAL | H29: GORE LOS LAGOS | I29: 40055194 | J29: ANÁLISIS POLÍTICA DE DISCAPACIDAD E INCLUSIÓN SOCIAL, REGIÓN DE LOS LAGOS. | K29: 290000000 | L29: Fabián Rutte | M29: CUMPLE RT | N29: 45322 | O29: 45324 | P29: 2 | Q29: 45363 | R29: 45378 | S29: 45364 | T29: 15 | U29: 45385 | V29: 1 | W29: 1 | X29: -287 | Z29: ESTUDIO PG | AB29: NO
A30: 29 | B30: 31 | C30: NO | D30: NO | E30: SI | F30: OSORNO | G30: PUERTO OCTAY | H30: MUNICIPALIDAD PUERTO OCTAY | I30: 40050518 | J30: CONSERVACION GIMNASIO MUNICIPAL DE PUERTO OCTAY | L30: Fabián Rutte | M30: OBSERVADO | N30: 45366 | P30: NO APLICA | Q30: 45590 | R30: 45605 | S30: 45390 | T30: 15 | U30: 45615 | V30: -200 | W30: NO APLICA | X30: -57 | Z30: EDIF. PUBLICA | AB30: NO
A31: 30 | B31: 29 | C31: NO | D31: SI | E31: NO | F31: LLANQUIHUE | G31: Prov. Llanquihue | H31: CARABINEROS X ZONA | I31: 40008014 | J31: REEV ADQUISICION VEHÍCULOS POLICIALES PARA PATRULLAS ANTI-ABIGEATO PROVINCIA LLANQUIHUE | K31: 210630000 | L31: Fabián Rutte | M31: CUMPLE RT | P31: NO APLICA | Q31: 45498 | R31: 45508 | S31: 45503 | T31: 10 | U31: 45512 | V31: 5 | W31: 3 | X31: -160 | Y31: 2.857/07-10-2022 | Z31: POL VEH. | AA31: 124142 | AB31: SI
A32: 31 | B32: 29 | C32: SI | D32: NO | E32: SI | F32: CHILOÉ | G32: CASTRO | H32: MUNICIPALIDAD CASTRO | I32: 40043234 | J32: REPOSICION CAMIÓN TOLVA Y RETROEXCAVADORAS MUNICIPALIDAD DE CASTRO | L32: Fabián Rutte | M32: OBSERVADO | N32: 45377 | O32: 45398 | P32: 14 | Q32: 45531 | R32: 45546 | S32: 45502 | T32: 15 | U32: 45552 | V32: -29 | W32: NO APLICA | X32: -120 | Z32: MAQ. CNOS | AB32: NO
A33: 32 | B33: 29 | C33: NO | D33: NO | E33: SI | F33: PALENA | G33: CHAITÉN | H33: MUNICIPALIDAD CHAITÉN | I33: 40058788 | J33: REPOSICION AMBULANCIAS COMUNA DE CHAITEN | K33: 172000000 | L33: Fabián Rutte | M33: CUMPLE RT | N33: 45391 | O33: 45408 | P33: 13 | Q33: 45576 | R33: 45591 | S33: 45582 | T33: 15 | U33: 45601 | V33: 6 | W33: 4 | X33: -71 | Y33: 2.550/18-10-2024 | Z33: AMBULANCIAS | AB33: NO
A34: 33 | B34: 29 | C34: NO | D34: SI | E34: NO | F34: REGIONAL | G34: REGIONAL | H34: SERVICIO SALUD RELONCAVI | I34: 40054760 | J34: REPOSICION ECÓGRAFOS HOSPITALES DE FRUTILLAR, MAULLÍN, CALBUCO, FRESIA Y CESFAM RÍO NEGRO | K34: 627784000 | L34: Fabián Rutte | M34: CUMPLE RT | P34: NO APLICA | Q34: 45392 | R34: 45402 | S34: 45401 | T34: 10 | U34: 45406 | V34: 9 | W34: 7 | X34: -266 | Y34: 3.291/29-08-2023 | Z34: EQ. SALUD | AA34: 35915 | AB34: SI
A35: 34 | B35: 29 | C35: NO | D35: SI | E35: NO | F35: PALENA | G35: Prov. Palena | H35: SERVICIO SALUD RELONCAVI | I35: 40055959 | J35: REPOSICION ECÓGRAFOS HOSPITALES DE FUTALEUFÚ, CHAITEN Y PALENA | K35: 448939000 | L35: Fabián Rutte | M35: CUMPLE RT | P35: NO APLICA | Q35: 45392 | R35: 45402 | S35: 45401 | T35: 10 | U35: 45406 | V35: 9 | W35: 7 | X35: -266 | Y35: 3.505/12-09-2023 | Z35: EQ. SALUD | AB35: SI
